# Generated by dsl-mesh-spike
# 6320 triangles
v -0.45496997 0.7799486 0
v -0.4491099 0.7799485 -0.074651465
v -0.44459474 0.79146487 -0.07390095
v -0.45039585 0.79146487 0
v -0.43211228 0.77994865 -0.14515364
v -0.42776796 0.79146487 -0.14369431
v -0.40485048 0.77994865 -0.2106329
v -0.40078023 0.79146504 -0.20851526
v -0.36819813 0.7799486 -0.2702158
v -0.36449635 0.79146487 -0.26749915
v -0.32302868 0.7799486 -0.32302868
v -0.3197811 0.79146487 -0.3197811
v -0.27021575 0.7799486 -0.36819807
v -0.26749912 0.79146487 -0.36449635
v -0.2106329 0.7799486 -0.40485048
v -0.20851526 0.79146504 -0.4007803
v -0.14515363 0.7799486 -0.43211228
v -0.14369428 0.79146487 -0.42776793
v -0.07465145 0.7799486 -0.44910997
v -0.07390093 0.79146504 -0.44459483
v -0 0.7799486 -0.45496997
v -0 0.79146487 -0.45039585
v -0.4428225 0.80042213 -0.07360635
v -0.4486004 0.8004223 0
v -0.42606282 0.80042243 -0.1431215
v -0.3991826 0.80042213 -0.20768405
v -0.36304334 0.8004223 -0.2664328
v -0.3185063 0.8004222 -0.3185063
v -0.26643276 0.8004222 -0.36304334
v -0.20768408 0.8004222 -0.3991826
v -0.14312148 0.8004224 -0.42606282
v -0.07360633 0.8004222 -0.44282252
v -0 0.8004223 -0.4486004
v -0.44340774 0.8068202 -0.07370367
v -0.4491935 0.8068202 0
v -0.42662597 0.8068203 -0.14331071
v -0.3997103 0.8068201 -0.20795861
v -0.36352333 0.8068203 -0.266785
v -0.3189274 0.80682033 -0.31892738
v -0.26678497 0.8068203 -0.3635233
v -0.20795861 0.80682003 -0.3997103
v -0.1433107 0.8068203 -0.42662603
v -0.07370365 0.8068202 -0.44340783
v -0 0.8068202 -0.4491935
v -0.44596615 0.810659 -0.07412891
v -0.4517852 0.81065905 0
v -0.42908752 0.81065917 -0.14413756
v -0.40201658 0.810659 -0.2091585
v -0.3656207 0.81065917 -0.2683243
v -0.32076752 0.81065917 -0.32076752
v -0.26832423 0.81065917 -0.3656207
v -0.2091585 0.81065905 -0.40201652
v -0.14413756 0.81065917 -0.42908755
v -0.074128896 0.81065905 -0.44596618
v -0 0.81065905 -0.4517852
v -0.45011243 0.8119385 -0.07481811
v -0.45598555 0.8119386 0
v -0.4330768 0.8119386 -0.14547764
v -0.40575418 0.8119386 -0.21110308
v -0.36902 0.81193876 -0.27081895
v -0.32374972 0.8119385 -0.32374972
v -0.2708189 0.81193876 -0.36901996
v -0.21110308 0.81193864 -0.40575418
v -0.14547764 0.8119386 -0.4330768
v -0.07481809 0.8119386 -0.45011246
v -0 0.8119386 -0.45598555
v -0.45546162 0.81065893 -0.07570726
v -0.46140453 0.81065905 0
v -0.4382236 0.81065905 -0.14720652
v -0.41057622 0.810659 -0.21361187
v -0.37340546 0.810659 -0.27403742
v -0.32759723 0.81065905 -0.32759723
v -0.27403736 0.810659 -0.37340546
v -0.21361186 0.810659 -0.41057622
v -0.1472065 0.81065905 -0.4382236
v -0.075707234 0.81065905 -0.45546168
v -0 0.81065905 -0.46140453
v -0.46162885 0.8068201 -0.07673238
v -0.4676523 0.8068202 0
v -0.44415742 0.8068202 -0.14919978
v -0.4161357 0.8068202 -0.21650429
v -0.37846166 0.8068202 -0.27774805
v -0.33203313 0.8068203 -0.33203307
v -0.27774802 0.8068202 -0.37846166
v -0.21650429 0.8068203 -0.4161357
v -0.14919977 0.8068203 -0.44415742
v -0.07673235 0.8068202 -0.4616289
v -0 0.8068202 -0.4676523
v -0.4682292 0.8004222 -0.07782949
v -0.4743387 0.8004222 0
v -0.45050797 0.8004222 -0.15133303
v -0.42208555 0.8004222 -0.21959986
v -0.38387287 0.8004223 -0.28171927
v -0.33678046 0.8004222 -0.33678046
v -0.2817192 0.8004222 -0.38387287
v -0.21959983 0.8004222 -0.42208555
v -0.15133302 0.8004222 -0.45050794
v -0.07782947 0.8004222 -0.46822923
v -0 0.8004222 -0.4743387
v -0.47487763 0.7914649 -0.0789346
v -0.4810739 0.79146504 0
v -0.45690474 0.79146504 -0.15348181
v -0.4280788 0.79146504 -0.22271797
v -0.38932353 0.7914651 -0.28571942
v -0.34156245 0.7914649 -0.34156245
v -0.2857194 0.79146504 -0.38932347
v -0.22271797 0.79146504 -0.4280788
v -0.15348181 0.79146504 -0.45690474
v -0.07893458 0.79146504 -0.4748777
v -0 0.79146504 -0.4810739
v -0.48118925 0.7799485 -0.07998372
v -0.48746783 0.7799486 0
v -0.46297747 0.77994865 -0.15552174
v -0.43376836 0.77994865 -0.2256781
v -0.39449796 0.7799486 -0.28951693
v -0.34610218 0.7799486 -0.34610218
v -0.28951687 0.7799486 -0.39449796
v -0.22567812 0.7799486 -0.43376836
v -0.15552174 0.7799486 -0.46297744
v -0.0799837 0.7799486 -0.48118925
v -0 0.7799486 -0.48746783
v 0.074651465 0.7799485 -0.4491099
v 0.07390095 0.79146487 -0.44459474
v 0.14515364 0.77994865 -0.43211228
v 0.14369431 0.79146487 -0.42776796
v 0.2106329 0.77994865 -0.40485048
v 0.20851526 0.79146504 -0.40078023
v 0.2702158 0.7799486 -0.36819813
v 0.26749915 0.79146487 -0.36449635
v 0.32302868 0.7799486 -0.32302868
v 0.3197811 0.79146487 -0.3197811
v 0.36819807 0.7799486 -0.27021575
v 0.36449635 0.79146487 -0.26749912
v 0.40485048 0.7799486 -0.2106329
v 0.4007803 0.79146504 -0.20851526
v 0.43211228 0.7799486 -0.14515363
v 0.42776793 0.79146487 -0.14369428
v 0.44910997 0.7799486 -0.07465145
v 0.44459483 0.79146504 -0.07390093
v 0.45496997 0.7799486 0
v 0.45039585 0.79146487 0
v 0.07360635 0.80042213 -0.4428225
v 0.1431215 0.80042243 -0.42606282
v 0.20768405 0.80042213 -0.3991826
v 0.2664328 0.8004223 -0.36304334
v 0.3185063 0.8004222 -0.3185063
v 0.36304334 0.8004222 -0.26643276
v 0.3991826 0.8004222 -0.20768408
v 0.42606282 0.8004224 -0.14312148
v 0.44282252 0.8004222 -0.07360633
v 0.4486004 0.8004223 0
v 0.07370367 0.8068202 -0.44340774
v 0.14331071 0.8068203 -0.42662597
v 0.20795861 0.8068201 -0.3997103
v 0.266785 0.8068203 -0.36352333
v 0.31892738 0.80682033 -0.3189274
v 0.3635233 0.8068203 -0.26678497
v 0.3997103 0.80682003 -0.20795861
v 0.42662603 0.8068203 -0.1433107
v 0.44340783 0.8068202 -0.07370365
v 0.4491935 0.8068202 0
v 0.07412891 0.810659 -0.44596615
v 0.14413756 0.81065917 -0.42908752
v 0.2091585 0.810659 -0.40201658
v 0.2683243 0.81065917 -0.3656207
v 0.32076752 0.81065917 -0.32076752
v 0.3656207 0.81065917 -0.26832423
v 0.40201652 0.81065905 -0.2091585
v 0.42908755 0.81065917 -0.14413756
v 0.44596618 0.81065905 -0.074128896
v 0.4517852 0.81065905 0
v 0.07481811 0.8119385 -0.45011243
v 0.14547764 0.8119386 -0.4330768
v 0.21110308 0.8119386 -0.40575418
v 0.27081895 0.81193876 -0.36902
v 0.32374972 0.8119385 -0.32374972
v 0.36901996 0.81193876 -0.2708189
v 0.40575418 0.81193864 -0.21110308
v 0.4330768 0.8119386 -0.14547764
v 0.45011246 0.8119386 -0.07481809
v 0.45598555 0.8119386 0
v 0.07570726 0.81065893 -0.45546162
v 0.14720652 0.81065905 -0.4382236
v 0.21361187 0.810659 -0.41057622
v 0.27403742 0.810659 -0.37340546
v 0.32759723 0.81065905 -0.32759723
v 0.37340546 0.810659 -0.27403736
v 0.41057622 0.810659 -0.21361186
v 0.4382236 0.81065905 -0.1472065
v 0.45546168 0.81065905 -0.075707234
v 0.46140453 0.81065905 0
v 0.07673238 0.8068201 -0.46162885
v 0.14919978 0.8068202 -0.44415742
v 0.21650429 0.8068202 -0.4161357
v 0.27774805 0.8068202 -0.37846166
v 0.33203307 0.8068203 -0.33203313
v 0.37846166 0.8068202 -0.27774802
v 0.4161357 0.8068203 -0.21650429
v 0.44415742 0.8068203 -0.14919977
v 0.4616289 0.8068202 -0.07673235
v 0.4676523 0.8068202 0
v 0.07782949 0.8004222 -0.4682292
v 0.15133303 0.8004222 -0.45050797
v 0.21959986 0.8004222 -0.42208555
v 0.28171927 0.8004223 -0.38387287
v 0.33678046 0.8004222 -0.33678046
v 0.38387287 0.8004222 -0.2817192
v 0.42208555 0.8004222 -0.21959983
v 0.45050794 0.8004222 -0.15133302
v 0.46822923 0.8004222 -0.07782947
v 0.4743387 0.8004222 0
v 0.0789346 0.7914649 -0.47487763
v 0.15348181 0.79146504 -0.45690474
v 0.22271797 0.79146504 -0.4280788
v 0.28571942 0.7914651 -0.38932353
v 0.34156245 0.7914649 -0.34156245
v 0.38932347 0.79146504 -0.2857194
v 0.4280788 0.79146504 -0.22271797
v 0.45690474 0.79146504 -0.15348181
v 0.4748777 0.79146504 -0.07893458
v 0.4810739 0.79146504 0
v 0.07998372 0.7799485 -0.48118925
v 0.15552174 0.77994865 -0.46297747
v 0.2256781 0.77994865 -0.43376836
v 0.28951693 0.7799486 -0.39449796
v 0.34610218 0.7799486 -0.34610218
v 0.39449796 0.7799486 -0.28951687
v 0.43376836 0.7799486 -0.22567812
v 0.46297744 0.7799486 -0.15552174
v 0.48118925 0.7799486 -0.0799837
v 0.48746783 0.7799486 0
v 0.4491099 0.7799485 0.074651465
v 0.44459474 0.79146487 0.07390095
v 0.43211228 0.77994865 0.14515364
v 0.42776796 0.79146487 0.14369431
v 0.40485048 0.77994865 0.2106329
v 0.40078023 0.79146504 0.20851526
v 0.36819813 0.7799486 0.2702158
v 0.36449635 0.79146487 0.26749915
v 0.32302868 0.7799486 0.32302868
v 0.3197811 0.79146487 0.3197811
v 0.27021575 0.7799486 0.36819807
v 0.26749912 0.79146487 0.36449635
v 0.2106329 0.7799486 0.40485048
v 0.20851526 0.79146504 0.4007803
v 0.14515363 0.7799486 0.43211228
v 0.14369428 0.79146487 0.42776793
v 0.07465145 0.7799486 0.44910997
v 0.07390093 0.79146504 0.44459483
v -0 0.7799486 0.45496997
v -0 0.79146487 0.45039585
v 0.4428225 0.80042213 0.07360635
v 0.42606282 0.80042243 0.1431215
v 0.3991826 0.80042213 0.20768405
v 0.36304334 0.8004223 0.2664328
v 0.3185063 0.8004222 0.3185063
v 0.26643276 0.8004222 0.36304334
v 0.20768408 0.8004222 0.3991826
v 0.14312148 0.8004224 0.42606282
v 0.07360633 0.8004222 0.44282252
v -0 0.8004223 0.4486004
v 0.44340774 0.8068202 0.07370367
v 0.42662597 0.8068203 0.14331071
v 0.3997103 0.8068201 0.20795861
v 0.36352333 0.8068203 0.266785
v 0.3189274 0.80682033 0.31892738
v 0.26678497 0.8068203 0.3635233
v 0.20795861 0.80682003 0.3997103
v 0.1433107 0.8068203 0.42662603
v 0.07370365 0.8068202 0.44340783
v -0 0.8068202 0.4491935
v 0.44596615 0.810659 0.07412891
v 0.42908752 0.81065917 0.14413756
v 0.40201658 0.810659 0.2091585
v 0.3656207 0.81065917 0.2683243
v 0.32076752 0.81065917 0.32076752
v 0.26832423 0.81065917 0.3656207
v 0.2091585 0.81065905 0.40201652
v 0.14413756 0.81065917 0.42908755
v 0.074128896 0.81065905 0.44596618
v -0 0.81065905 0.4517852
v 0.45011243 0.8119385 0.07481811
v 0.4330768 0.8119386 0.14547764
v 0.40575418 0.8119386 0.21110308
v 0.36902 0.81193876 0.27081895
v 0.32374972 0.8119385 0.32374972
v 0.2708189 0.81193876 0.36901996
v 0.21110308 0.81193864 0.40575418
v 0.14547764 0.8119386 0.4330768
v 0.07481809 0.8119386 0.45011246
v -0 0.8119386 0.45598555
v 0.45546162 0.81065893 0.07570726
v 0.4382236 0.81065905 0.14720652
v 0.41057622 0.810659 0.21361187
v 0.37340546 0.810659 0.27403742
v 0.32759723 0.81065905 0.32759723
v 0.27403736 0.810659 0.37340546
v 0.21361186 0.810659 0.41057622
v 0.1472065 0.81065905 0.4382236
v 0.075707234 0.81065905 0.45546168
v -0 0.81065905 0.46140453
v 0.46162885 0.8068201 0.07673238
v 0.44415742 0.8068202 0.14919978
v 0.4161357 0.8068202 0.21650429
v 0.37846166 0.8068202 0.27774805
v 0.33203313 0.8068203 0.33203307
v 0.27774802 0.8068202 0.37846166
v 0.21650429 0.8068203 0.4161357
v 0.14919977 0.8068203 0.44415742
v 0.07673235 0.8068202 0.4616289
v -0 0.8068202 0.4676523
v 0.4682292 0.8004222 0.07782949
v 0.45050797 0.8004222 0.15133303
v 0.42208555 0.8004222 0.21959986
v 0.38387287 0.8004223 0.28171927
v 0.33678046 0.8004222 0.33678046
v 0.2817192 0.8004222 0.38387287
v 0.21959983 0.8004222 0.42208555
v 0.15133302 0.8004222 0.45050794
v 0.07782947 0.8004222 0.46822923
v -0 0.8004222 0.4743387
v 0.47487763 0.7914649 0.0789346
v 0.45690474 0.79146504 0.15348181
v 0.4280788 0.79146504 0.22271797
v 0.38932353 0.7914651 0.28571942
v 0.34156245 0.7914649 0.34156245
v 0.2857194 0.79146504 0.38932347
v 0.22271797 0.79146504 0.4280788
v 0.15348181 0.79146504 0.45690474
v 0.07893458 0.79146504 0.4748777
v -0 0.79146504 0.4810739
v 0.48118925 0.7799485 0.07998372
v 0.46297747 0.77994865 0.15552174
v 0.43376836 0.77994865 0.2256781
v 0.39449796 0.7799486 0.28951693
v 0.34610218 0.7799486 0.34610218
v 0.28951687 0.7799486 0.39449796
v 0.22567812 0.7799486 0.43376836
v 0.15552174 0.7799486 0.46297744
v 0.0799837 0.7799486 0.48118925
v -0 0.7799486 0.48746783
v -0.074651465 0.7799485 0.4491099
v -0.07390095 0.79146487 0.44459474
v -0.14515364 0.77994865 0.43211228
v -0.14369431 0.79146487 0.42776796
v -0.2106329 0.77994865 0.40485048
v -0.20851526 0.79146504 0.40078023
v -0.2702158 0.7799486 0.36819813
v -0.26749915 0.79146487 0.36449635
v -0.32302868 0.7799486 0.32302868
v -0.3197811 0.79146487 0.3197811
v -0.36819807 0.7799486 0.27021575
v -0.36449635 0.79146487 0.26749912
v -0.40485048 0.7799486 0.2106329
v -0.4007803 0.79146504 0.20851526
v -0.43211228 0.7799486 0.14515363
v -0.42776793 0.79146487 0.14369428
v -0.44910997 0.7799486 0.07465145
v -0.44459483 0.79146504 0.07390093
v -0.07360635 0.80042213 0.4428225
v -0.1431215 0.80042243 0.42606282
v -0.20768405 0.80042213 0.3991826
v -0.2664328 0.8004223 0.36304334
v -0.3185063 0.8004222 0.3185063
v -0.36304334 0.8004222 0.26643276
v -0.3991826 0.8004222 0.20768408
v -0.42606282 0.8004224 0.14312148
v -0.44282252 0.8004222 0.07360633
v -0.07370367 0.8068202 0.44340774
v -0.14331071 0.8068203 0.42662597
v -0.20795861 0.8068201 0.3997103
v -0.266785 0.8068203 0.36352333
v -0.31892738 0.80682033 0.3189274
v -0.3635233 0.8068203 0.26678497
v -0.3997103 0.80682003 0.20795861
v -0.42662603 0.8068203 0.1433107
v -0.44340783 0.8068202 0.07370365
v -0.07412891 0.810659 0.44596615
v -0.14413756 0.81065917 0.42908752
v -0.2091585 0.810659 0.40201658
v -0.2683243 0.81065917 0.3656207
v -0.32076752 0.81065917 0.32076752
v -0.3656207 0.81065917 0.26832423
v -0.40201652 0.81065905 0.2091585
v -0.42908755 0.81065917 0.14413756
v -0.44596618 0.81065905 0.074128896
v -0.07481811 0.8119385 0.45011243
v -0.14547764 0.8119386 0.4330768
v -0.21110308 0.8119386 0.40575418
v -0.27081895 0.81193876 0.36902
v -0.32374972 0.8119385 0.32374972
v -0.36901996 0.81193876 0.2708189
v -0.40575418 0.81193864 0.21110308
v -0.4330768 0.8119386 0.14547764
v -0.45011246 0.8119386 0.07481809
v -0.07570726 0.81065893 0.45546162
v -0.14720652 0.81065905 0.4382236
v -0.21361187 0.810659 0.41057622
v -0.27403742 0.810659 0.37340546
v -0.32759723 0.81065905 0.32759723
v -0.37340546 0.810659 0.27403736
v -0.41057622 0.810659 0.21361186
v -0.4382236 0.81065905 0.1472065
v -0.45546168 0.81065905 0.075707234
v -0.07673238 0.8068201 0.46162885
v -0.14919978 0.8068202 0.44415742
v -0.21650429 0.8068202 0.4161357
v -0.27774805 0.8068202 0.37846166
v -0.33203307 0.8068203 0.33203313
v -0.37846166 0.8068202 0.27774802
v -0.4161357 0.8068203 0.21650429
v -0.44415742 0.8068203 0.14919977
v -0.4616289 0.8068202 0.07673235
v -0.07782949 0.8004222 0.4682292
v -0.15133303 0.8004222 0.45050797
v -0.21959986 0.8004222 0.42208555
v -0.28171927 0.8004223 0.38387287
v -0.33678046 0.8004222 0.33678046
v -0.38387287 0.8004222 0.2817192
v -0.42208555 0.8004222 0.21959983
v -0.45050794 0.8004222 0.15133302
v -0.46822923 0.8004222 0.07782947
v -0.0789346 0.7914649 0.47487763
v -0.15348181 0.79146504 0.45690474
v -0.22271797 0.79146504 0.4280788
v -0.28571942 0.7914651 0.38932353
v -0.34156245 0.7914649 0.34156245
v -0.38932347 0.79146504 0.2857194
v -0.4280788 0.79146504 0.22271797
v -0.45690474 0.79146504 0.15348181
v -0.4748777 0.79146504 0.07893458
v -0.07998372 0.7799485 0.48118925
v -0.15552174 0.77994865 0.46297747
v -0.2256781 0.77994865 0.43376836
v -0.28951693 0.7799486 0.39449796
v -0.34610218 0.7799486 0.34610218
v -0.39449796 0.7799486 0.28951687
v -0.43376836 0.7799486 0.22567812
v -0.46297744 0.7799486 0.15552174
v -0.48118925 0.7799486 0.0799837
v -0.50516844 0.7287887 -0.083969556
v -0.51175994 0.7287887 0
v -0.48604912 0.7287888 -0.16327189
v -0.45538446 0.72878885 -0.2369244
v -0.4141571 0.7287888 -0.30394444
v -0.36334956 0.72878885 -0.36334953
v -0.30394444 0.7287887 -0.4141571
v -0.2369244 0.72878885 -0.4553845
v -0.16327187 0.72878885 -0.4860491
v -0.08396955 0.7287888 -0.5051685
v -0 0.7287887 -0.51175994
v -0.52866656 0.67777526 -0.08787545
v -0.5355647 0.6777753 0
v -0.508658 0.6777754 -0.17086658
v -0.47656685 0.6777754 -0.24794504
v -0.43342182 0.6777754 -0.3180826
v -0.38025093 0.6777754 -0.38025096
v -0.31808254 0.6777753 -0.4334218
v -0.24794504 0.6777754 -0.47656694
v -0.17086653 0.6777753 -0.508658
v -0.087875426 0.67777526 -0.5286666
v -0 0.6777753 -0.5355647
v -0.55120224 0.6270542 -0.091621354
v -0.55839443 0.6270543 0
v -0.5303406 0.6270544 -0.17815018
v -0.4968817 0.6270543 -0.25851426
v -0.45189744 0.6270543 -0.3316416
v -0.39646006 0.6270543 -0.39646003
v -0.33164158 0.6270543 -0.45189744
v -0.25851429 0.6270543 -0.4968817
v -0.17815015 0.6270543 -0.5303406
v -0.09162133 0.6270544 -0.5512023
v -0 0.6270543 -0.55839443
v -0.5722944 0.5767719 -0.09512731
v -0.5797618 0.57677203 0
v -0.55063456 0.57677203 -0.18496719
v -0.51589525 0.57677203 -0.2684065
v -0.46918958 0.57677203 -0.34433213
v -0.41163087 0.576772 -0.41163087
v -0.34433213 0.576772 -0.46918955
v -0.2684065 0.57677203 -0.51589525
v -0.18496719 0.57677203 -0.55063456
v -0.095127285 0.576772 -0.5722945
v -0 0.57677203 -0.5797618
v -0.5914618 0.5270746 -0.09831332
v -0.5991792 0.5270746 0
v -0.5690764 0.52707464 -0.19116212
v -0.5331737 0.52707464 -0.27739602
v -0.4849038 0.5270746 -0.35586455
v -0.42541724 0.52707464 -0.42541724
v -0.35586447 0.5270746 -0.4849038
v -0.277396 0.52707464 -0.5331737
v -0.19116212 0.5270746 -0.5690764
v -0.0983133 0.52707464 -0.59146184
v -0 0.5270746 -0.5991792
v -0.6082232 0.47810835 -0.101099424
v -0.6161594 0.47810847 0
v -0.5852035 0.47810853 -0.19657947
v -0.5482832 0.47810847 -0.2852571
v -0.49864542 0.47810847 -0.3659494
v -0.43747315 0.47810847 -0.43747315
v -0.36594936 0.47810847 -0.49864542
v -0.2852571 0.47810847 -0.5482832
v -0.19657947 0.4781085 -0.5852035
v -0.10109939 0.47810847 -0.6082232
v -0 0.47810847 -0.6161594
v -0.62209743 0.43001968 -0.10340562
v -0.6302147 0.43001974 0
v -0.5985527 0.4300198 -0.20106368
v -0.5607902 0.43001974 -0.2917642
v -0.5100202 0.4300198 -0.3742971
v -0.44745243 0.43001974 -0.4474524
v -0.37429708 0.43001974 -0.51002014
v -0.2917642 0.43001974 -0.5607902
v -0.20106366 0.43001977 -0.5985527
v -0.10340559 0.4300198 -0.6220975
v -0 0.43001974 -0.6302147
v -0.6326034 0.38295466 -0.10515193
v -0.6408577 0.38295475 0
v -0.60866106 0.38295475 -0.20445928
v -0.5702609 0.38295475 -0.2966915
v -0.51863337 0.38295475 -0.38061824
v -0.45500898 0.38295475 -0.45500898
v -0.38061818 0.38295475 -0.51863337
v -0.29669148 0.38295466 -0.5702609
v -0.20445925 0.38295475 -0.60866106
v -0.10515191 0.38295475 -0.63260347
v -0 0.38295475 -0.6408577
v -0.63925993 0.33705962 -0.10625837
v -0.64760107 0.33705962 0
v -0.61506563 0.33705965 -0.20661063
v -0.5762613 0.33705962 -0.2998134
v -0.5240906 0.33705965 -0.38462326
v -0.45979673 0.33705962 -0.45979673
v -0.38462317 0.33705962 -0.5240906
v -0.2998134 0.33705962 -0.57626134
v -0.20661062 0.33705962 -0.6150656
v -0.10625835 0.33705962 -0.63926
v -0 0.33705962 -0.64760107
v -0.6415856 0.29248065 -0.10664496
v -0.6499571 0.2924807 0
v -0.6173033 0.29248074 -0.20736232
v -0.5783579 0.2924807 -0.30090415
v -0.52599734 0.2924807 -0.38602257
v -0.4614696 0.2924807 -0.4614696
v -0.38602248 0.29248068 -0.5259973
v -0.30090415 0.2924807 -0.5783579
v -0.20736232 0.2924807 -0.6173033
v -0.10664493 0.2924807 -0.6415857
v -0 0.2924807 -0.6499571
v 0.083969556 0.7287887 -0.50516844
v 0.16327189 0.7287888 -0.48604912
v 0.2369244 0.72878885 -0.45538446
v 0.30394444 0.7287888 -0.4141571
v 0.36334953 0.72878885 -0.36334956
v 0.4141571 0.7287887 -0.30394444
v 0.4553845 0.72878885 -0.2369244
v 0.4860491 0.72878885 -0.16327187
v 0.5051685 0.7287888 -0.08396955
v 0.51175994 0.7287887 0
v 0.08787545 0.67777526 -0.52866656
v 0.17086658 0.6777754 -0.508658
v 0.24794504 0.6777754 -0.47656685
v 0.3180826 0.6777754 -0.43342182
v 0.38025096 0.6777754 -0.38025093
v 0.4334218 0.6777753 -0.31808254
v 0.47656694 0.6777754 -0.24794504
v 0.508658 0.6777753 -0.17086653
v 0.5286666 0.67777526 -0.087875426
v 0.5355647 0.6777753 0
v 0.091621354 0.6270542 -0.55120224
v 0.17815018 0.6270544 -0.5303406
v 0.25851426 0.6270543 -0.4968817
v 0.3316416 0.6270543 -0.45189744
v 0.39646003 0.6270543 -0.39646006
v 0.45189744 0.6270543 -0.33164158
v 0.4968817 0.6270543 -0.25851429
v 0.5303406 0.6270543 -0.17815015
v 0.5512023 0.6270544 -0.09162133
v 0.55839443 0.6270543 0
v 0.09512731 0.5767719 -0.5722944
v 0.18496719 0.57677203 -0.55063456
v 0.2684065 0.57677203 -0.51589525
v 0.34433213 0.57677203 -0.46918958
v 0.41163087 0.576772 -0.41163087
v 0.46918955 0.576772 -0.34433213
v 0.51589525 0.57677203 -0.2684065
v 0.55063456 0.57677203 -0.18496719
v 0.5722945 0.576772 -0.095127285
v 0.5797618 0.57677203 0
v 0.09831332 0.5270746 -0.5914618
v 0.19116212 0.52707464 -0.5690764
v 0.27739602 0.52707464 -0.5331737
v 0.35586455 0.5270746 -0.4849038
v 0.42541724 0.52707464 -0.42541724
v 0.4849038 0.5270746 -0.35586447
v 0.5331737 0.52707464 -0.277396
v 0.5690764 0.5270746 -0.19116212
v 0.59146184 0.52707464 -0.0983133
v 0.5991792 0.5270746 0
v 0.101099424 0.47810835 -0.6082232
v 0.19657947 0.47810853 -0.5852035
v 0.2852571 0.47810847 -0.5482832
v 0.3659494 0.47810847 -0.49864542
v 0.43747315 0.47810847 -0.43747315
v 0.49864542 0.47810847 -0.36594936
v 0.5482832 0.47810847 -0.2852571
v 0.5852035 0.4781085 -0.19657947
v 0.6082232 0.47810847 -0.10109939
v 0.6161594 0.47810847 0
v 0.10340562 0.43001968 -0.62209743
v 0.20106368 0.4300198 -0.5985527
v 0.2917642 0.43001974 -0.5607902
v 0.3742971 0.4300198 -0.5100202
v 0.4474524 0.43001974 -0.44745243
v 0.51002014 0.43001974 -0.37429708
v 0.5607902 0.43001974 -0.2917642
v 0.5985527 0.43001977 -0.20106366
v 0.6220975 0.4300198 -0.10340559
v 0.6302147 0.43001974 0
v 0.10515193 0.38295466 -0.6326034
v 0.20445928 0.38295475 -0.60866106
v 0.2966915 0.38295475 -0.5702609
v 0.38061824 0.38295475 -0.51863337
v 0.45500898 0.38295475 -0.45500898
v 0.51863337 0.38295475 -0.38061818
v 0.5702609 0.38295466 -0.29669148
v 0.60866106 0.38295475 -0.20445925
v 0.63260347 0.38295475 -0.10515191
v 0.6408577 0.38295475 0
v 0.10625837 0.33705962 -0.63925993
v 0.20661063 0.33705965 -0.61506563
v 0.2998134 0.33705962 -0.5762613
v 0.38462326 0.33705965 -0.5240906
v 0.45979673 0.33705962 -0.45979673
v 0.5240906 0.33705962 -0.38462317
v 0.57626134 0.33705962 -0.2998134
v 0.6150656 0.33705962 -0.20661062
v 0.63926 0.33705962 -0.10625835
v 0.64760107 0.33705962 0
v 0.10664496 0.29248065 -0.6415856
v 0.20736232 0.29248074 -0.6173033
v 0.30090415 0.2924807 -0.5783579
v 0.38602257 0.2924807 -0.52599734
v 0.4614696 0.2924807 -0.4614696
v 0.5259973 0.29248068 -0.38602248
v 0.5783579 0.2924807 -0.30090415
v 0.6173033 0.2924807 -0.20736232
v 0.6415857 0.2924807 -0.10664493
v 0.6499571 0.2924807 0
v 0.50516844 0.7287887 0.083969556
v 0.48604912 0.7287888 0.16327189
v 0.45538446 0.72878885 0.2369244
v 0.4141571 0.7287888 0.30394444
v 0.36334956 0.72878885 0.36334953
v 0.30394444 0.7287887 0.4141571
v 0.2369244 0.72878885 0.4553845
v 0.16327187 0.72878885 0.4860491
v 0.08396955 0.7287888 0.5051685
v -0 0.7287887 0.51175994
v 0.52866656 0.67777526 0.08787545
v 0.508658 0.6777754 0.17086658
v 0.47656685 0.6777754 0.24794504
v 0.43342182 0.6777754 0.3180826
v 0.38025093 0.6777754 0.38025096
v 0.31808254 0.6777753 0.4334218
v 0.24794504 0.6777754 0.47656694
v 0.17086653 0.6777753 0.508658
v 0.087875426 0.67777526 0.5286666
v -0 0.6777753 0.5355647
v 0.55120224 0.6270542 0.091621354
v 0.5303406 0.6270544 0.17815018
v 0.4968817 0.6270543 0.25851426
v 0.45189744 0.6270543 0.3316416
v 0.39646006 0.6270543 0.39646003
v 0.33164158 0.6270543 0.45189744
v 0.25851429 0.6270543 0.4968817
v 0.17815015 0.6270543 0.5303406
v 0.09162133 0.6270544 0.5512023
v -0 0.6270543 0.55839443
v 0.5722944 0.5767719 0.09512731
v 0.55063456 0.57677203 0.18496719
v 0.51589525 0.57677203 0.2684065
v 0.46918958 0.57677203 0.34433213
v 0.41163087 0.576772 0.41163087
v 0.34433213 0.576772 0.46918955
v 0.2684065 0.57677203 0.51589525
v 0.18496719 0.57677203 0.55063456
v 0.095127285 0.576772 0.5722945
v -0 0.57677203 0.5797618
v 0.5914618 0.5270746 0.09831332
v 0.5690764 0.52707464 0.19116212
v 0.5331737 0.52707464 0.27739602
v 0.4849038 0.5270746 0.35586455
v 0.42541724 0.52707464 0.42541724
v 0.35586447 0.5270746 0.4849038
v 0.277396 0.52707464 0.5331737
v 0.19116212 0.5270746 0.5690764
v 0.0983133 0.52707464 0.59146184
v -0 0.5270746 0.5991792
v 0.6082232 0.47810835 0.101099424
v 0.5852035 0.47810853 0.19657947
v 0.5482832 0.47810847 0.2852571
v 0.49864542 0.47810847 0.3659494
v 0.43747315 0.47810847 0.43747315
v 0.36594936 0.47810847 0.49864542
v 0.2852571 0.47810847 0.5482832
v 0.19657947 0.4781085 0.5852035
v 0.10109939 0.47810847 0.6082232
v -0 0.47810847 0.6161594
v 0.62209743 0.43001968 0.10340562
v 0.5985527 0.4300198 0.20106368
v 0.5607902 0.43001974 0.2917642
v 0.5100202 0.4300198 0.3742971
v 0.44745243 0.43001974 0.4474524
v 0.37429708 0.43001974 0.51002014
v 0.2917642 0.43001974 0.5607902
v 0.20106366 0.43001977 0.5985527
v 0.10340559 0.4300198 0.6220975
v -0 0.43001974 0.6302147
v 0.6326034 0.38295466 0.10515193
v 0.60866106 0.38295475 0.20445928
v 0.5702609 0.38295475 0.2966915
v 0.51863337 0.38295475 0.38061824
v 0.45500898 0.38295475 0.45500898
v 0.38061818 0.38295475 0.51863337
v 0.29669148 0.38295466 0.5702609
v 0.20445925 0.38295475 0.60866106
v 0.10515191 0.38295475 0.63260347
v -0 0.38295475 0.6408577
v 0.63925993 0.33705962 0.10625837
v 0.61506563 0.33705965 0.20661063
v 0.5762613 0.33705962 0.2998134
v 0.5240906 0.33705965 0.38462326
v 0.45979673 0.33705962 0.45979673
v 0.38462317 0.33705962 0.5240906
v 0.2998134 0.33705962 0.57626134
v 0.20661062 0.33705962 0.6150656
v 0.10625835 0.33705962 0.63926
v -0 0.33705962 0.64760107
v 0.6415856 0.29248065 0.10664496
v 0.6173033 0.29248074 0.20736232
v 0.5783579 0.2924807 0.30090415
v 0.52599734 0.2924807 0.38602257
v 0.4614696 0.2924807 0.4614696
v 0.38602248 0.29248068 0.5259973
v 0.30090415 0.2924807 0.5783579
v 0.20736232 0.2924807 0.6173033
v 0.10664493 0.2924807 0.6415857
v -0 0.2924807 0.6499571
v -0.083969556 0.7287887 0.50516844
v -0.16327189 0.7287888 0.48604912
v -0.2369244 0.72878885 0.45538446
v -0.30394444 0.7287888 0.4141571
v -0.36334953 0.72878885 0.36334956
v -0.4141571 0.7287887 0.30394444
v -0.4553845 0.72878885 0.2369244
v -0.4860491 0.72878885 0.16327187
v -0.5051685 0.7287888 0.08396955
v -0.08787545 0.67777526 0.52866656
v -0.17086658 0.6777754 0.508658
v -0.24794504 0.6777754 0.47656685
v -0.3180826 0.6777754 0.43342182
v -0.38025096 0.6777754 0.38025093
v -0.4334218 0.6777753 0.31808254
v -0.47656694 0.6777754 0.24794504
v -0.508658 0.6777753 0.17086653
v -0.5286666 0.67777526 0.087875426
v -0.091621354 0.6270542 0.55120224
v -0.17815018 0.6270544 0.5303406
v -0.25851426 0.6270543 0.4968817
v -0.3316416 0.6270543 0.45189744
v -0.39646003 0.6270543 0.39646006
v -0.45189744 0.6270543 0.33164158
v -0.4968817 0.6270543 0.25851429
v -0.5303406 0.6270543 0.17815015
v -0.5512023 0.6270544 0.09162133
v -0.09512731 0.5767719 0.5722944
v -0.18496719 0.57677203 0.55063456
v -0.2684065 0.57677203 0.51589525
v -0.34433213 0.57677203 0.46918958
v -0.41163087 0.576772 0.41163087
v -0.46918955 0.576772 0.34433213
v -0.51589525 0.57677203 0.2684065
v -0.55063456 0.57677203 0.18496719
v -0.5722945 0.576772 0.095127285
v -0.09831332 0.5270746 0.5914618
v -0.19116212 0.52707464 0.5690764
v -0.27739602 0.52707464 0.5331737
v -0.35586455 0.5270746 0.4849038
v -0.42541724 0.52707464 0.42541724
v -0.4849038 0.5270746 0.35586447
v -0.5331737 0.52707464 0.277396
v -0.5690764 0.5270746 0.19116212
v -0.59146184 0.52707464 0.0983133
v -0.101099424 0.47810835 0.6082232
v -0.19657947 0.47810853 0.5852035
v -0.2852571 0.47810847 0.5482832
v -0.3659494 0.47810847 0.49864542
v -0.43747315 0.47810847 0.43747315
v -0.49864542 0.47810847 0.36594936
v -0.5482832 0.47810847 0.2852571
v -0.5852035 0.4781085 0.19657947
v -0.6082232 0.47810847 0.10109939
v -0.10340562 0.43001968 0.62209743
v -0.20106368 0.4300198 0.5985527
v -0.2917642 0.43001974 0.5607902
v -0.3742971 0.4300198 0.5100202
v -0.4474524 0.43001974 0.44745243
v -0.51002014 0.43001974 0.37429708
v -0.5607902 0.43001974 0.2917642
v -0.5985527 0.43001977 0.20106366
v -0.6220975 0.4300198 0.10340559
v -0.10515193 0.38295466 0.6326034
v -0.20445928 0.38295475 0.60866106
v -0.2966915 0.38295475 0.5702609
v -0.38061824 0.38295475 0.51863337
v -0.45500898 0.38295475 0.45500898
v -0.51863337 0.38295475 0.38061818
v -0.5702609 0.38295466 0.29669148
v -0.60866106 0.38295475 0.20445925
v -0.63260347 0.38295475 0.10515191
v -0.10625837 0.33705962 0.63925993
v -0.20661063 0.33705965 0.61506563
v -0.2998134 0.33705962 0.5762613
v -0.38462326 0.33705965 0.5240906
v -0.45979673 0.33705962 0.45979673
v -0.5240906 0.33705962 0.38462317
v -0.57626134 0.33705962 0.2998134
v -0.6150656 0.33705962 0.20661062
v -0.63926 0.33705962 0.10625835
v -0.10664496 0.29248065 0.6415856
v -0.20736232 0.29248074 0.6173033
v -0.30090415 0.2924807 0.5783579
v -0.38602257 0.2924807 0.52599734
v -0.4614696 0.2924807 0.4614696
v -0.5259973 0.29248068 0.38602248
v -0.5783579 0.2924807 0.30090415
v -0.6173033 0.2924807 0.20736232
v -0.6415857 0.2924807 0.10664493
v -0.6370944 0.25077784 -0.105898425
v -0.6454074 0.2507778 0
v -0.61298203 0.25077778 -0.20591079
v -0.5743093 0.25077778 -0.2987978
v -0.5223153 0.2507778 -0.3833204
v -0.4582392 0.25077787 -0.45823926
v -0.3833203 0.25077778 -0.52231526
v -0.2987978 0.25077778 -0.5743093
v -0.20591077 0.25077778 -0.61298203
v -0.1058984 0.25077784 -0.63709456
v -0 0.2507778 -0.6454074
v -0.6249044 0.21331589 -0.10387222
v -0.63305825 0.21331593 0
v -0.6012535 0.21331598 -0.2019709
v -0.5633206 0.21331593 -0.29308066
v -0.5123215 0.21331595 -0.37598595
v -0.4494714 0.21331592 -0.44947138
v -0.37598592 0.21331593 -0.5123214
v -0.2930807 0.21331593 -0.5633206
v -0.20197089 0.21331595 -0.60125345
v -0.10387219 0.21331592 -0.6249045
v -0 0.21331593 -0.63305825
v -0.60694 0.17994872 -0.100886144
v -0.61485946 0.17994876 0
v -0.5839689 0.17994878 -0.1961648
v -0.54712653 0.17994876 -0.28465536
v -0.49759346 0.17994876 -0.36517733
v -0.43655017 0.17994872 -0.4365502
v -0.3651773 0.17994873 -0.49759346
v -0.28465533 0.17994876 -0.5471266
v -0.19616476 0.17994878 -0.5839689
v -0.10088609 0.17994878 -0.60694003
v -0 0.17994876 -0.61485946
v -0.58512604 0.15053003 -0.09726021
v -0.5927609 0.15053008 0
v -0.56298065 0.15053008 -0.18911445
v -0.52746236 0.15053008 -0.27442458
v -0.47970957 0.15053007 -0.35205257
v -0.4208603 0.15053007 -0.42086023
v -0.35205257 0.15053007 -0.47970957
v -0.2744246 0.15053007 -0.5274623
v -0.18911444 0.15053008 -0.56298065
v -0.09726017 0.15053007 -0.5851261
v -0 0.15053008 -0.5927609
v -0.5613874 0.12491361 -0.09331433
v -0.5687125 0.12491363 0
v -0.5401404 0.12491363 -0.18144204
v -0.5060631 0.124913625 -0.26329115
v -0.4602477 0.12491363 -0.33776972
v -0.40378585 0.12491362 -0.40378585
v -0.3377697 0.124913625 -0.46024764
v -0.26329115 0.124913625 -0.5060631
v -0.18144202 0.12491362 -0.54014033
v -0.09331432 0.124913625 -0.56138754
v -0 0.12491363 -0.5687125
v -0.5376488 0.102953166 -0.08936848
v -0.544664 0.102953196 0
v -0.5173002 0.102953196 -0.17376965
v -0.48466387 0.10295318 -0.25215766
v -0.4407857 0.10295319 -0.32348686
v -0.38671148 0.10295318 -0.38671148
v -0.3234868 0.10295319 -0.4407857
v -0.2521577 0.10295319 -0.48466384
v -0.1737696 0.102953196 -0.5173002
v -0.089368455 0.102953196 -0.5376488
v -0 0.102953196 -0.544664
v -0.5158348 0.08450254 -0.08574254
v -0.52256554 0.08450255 0
v -0.49631187 0.084502555 -0.16671932
v -0.46499968 0.084502555 -0.24192695
v -0.42290187 0.084502555 -0.31036213
v -0.3710215 0.084502555 -0.3710215
v -0.3103621 0.08450255 -0.4229018
v -0.24192695 0.08450255 -0.46499968
v -0.16671929 0.08450255 -0.49631187
v -0.085742526 0.084502555 -0.5158349
v -0 0.08450255 -0.52256554
v -0.49787042 0.069415405 -0.0827565
v -0.5043667 0.06941542 0
v -0.4790274 0.06941542 -0.16091317
v -0.44880566 0.06941542 -0.2335016
v -0.40817398 0.06941542 -0.2995535
v -0.35810038 0.06941541 -0.35810032
v -0.2995535 0.06941542 -0.40817395
v -0.23350161 0.06941542 -0.44880566
v -0.16091314 0.06941542 -0.47902733
v -0.08275647 0.06941542 -0.4978705
v -0 0.06941542 -0.5043667
v -0.4856803 0.057545573 -0.08073024
v -0.49201757 0.057545576 0
v -0.4672986 0.057545584 -0.15697327
v -0.43781686 0.057545576 -0.22778445
v -0.39817998 0.057545584 -0.29221907
v -0.34933245 0.057545573 -0.34933245
v -0.29221904 0.057545573 -0.39817998
v -0.22778444 0.057545576 -0.4378169
v -0.15697327 0.057545576 -0.4672986
v -0.08073021 0.057545576 -0.48568034
v -0 0.057545576 -0.49201757
v -0.48118925 0.04874678 -0.07998372
v -0.48746783 0.048746787 0
v -0.46297747 0.04874679 -0.15552174
v -0.43376836 0.04874679 -0.2256781
v -0.39449796 0.048746787 -0.28951693
v -0.34610218 0.048746787 -0.34610218
v -0.28951687 0.048746787 -0.39449796
v -0.22567812 0.048746787 -0.43376836
v -0.15552174 0.048746787 -0.46297744
v -0.0799837 0.048746787 -0.48118925
v -0 0.048746787 -0.48746783
v 0.105898425 0.25077784 -0.6370944
v 0.20591079 0.25077778 -0.61298203
v 0.2987978 0.25077778 -0.5743093
v 0.3833204 0.2507778 -0.5223153
v 0.45823926 0.25077787 -0.4582392
v 0.52231526 0.25077778 -0.3833203
v 0.5743093 0.25077778 -0.2987978
v 0.61298203 0.25077778 -0.20591077
v 0.63709456 0.25077784 -0.1058984
v 0.6454074 0.2507778 0
v 0.10387222 0.21331589 -0.6249044
v 0.2019709 0.21331598 -0.6012535
v 0.29308066 0.21331593 -0.5633206
v 0.37598595 0.21331595 -0.5123215
v 0.44947138 0.21331592 -0.4494714
v 0.5123214 0.21331593 -0.37598592
v 0.5633206 0.21331593 -0.2930807
v 0.60125345 0.21331595 -0.20197089
v 0.6249045 0.21331592 -0.10387219
v 0.63305825 0.21331593 0
v 0.100886144 0.17994872 -0.60694
v 0.1961648 0.17994878 -0.5839689
v 0.28465536 0.17994876 -0.54712653
v 0.36517733 0.17994876 -0.49759346
v 0.4365502 0.17994872 -0.43655017
v 0.49759346 0.17994873 -0.3651773
v 0.5471266 0.17994876 -0.28465533
v 0.5839689 0.17994878 -0.19616476
v 0.60694003 0.17994878 -0.10088609
v 0.61485946 0.17994876 0
v 0.09726021 0.15053003 -0.58512604
v 0.18911445 0.15053008 -0.56298065
v 0.27442458 0.15053008 -0.52746236
v 0.35205257 0.15053007 -0.47970957
v 0.42086023 0.15053007 -0.4208603
v 0.47970957 0.15053007 -0.35205257
v 0.5274623 0.15053007 -0.2744246
v 0.56298065 0.15053008 -0.18911444
v 0.5851261 0.15053007 -0.09726017
v 0.5927609 0.15053008 0
v 0.09331433 0.12491361 -0.5613874
v 0.18144204 0.12491363 -0.5401404
v 0.26329115 0.124913625 -0.5060631
v 0.33776972 0.12491363 -0.4602477
v 0.40378585 0.12491362 -0.40378585
v 0.46024764 0.124913625 -0.3377697
v 0.5060631 0.124913625 -0.26329115
v 0.54014033 0.12491362 -0.18144202
v 0.56138754 0.124913625 -0.09331432
v 0.5687125 0.12491363 0
v 0.08936848 0.102953166 -0.5376488
v 0.17376965 0.102953196 -0.5173002
v 0.25215766 0.10295318 -0.48466387
v 0.32348686 0.10295319 -0.4407857
v 0.38671148 0.10295318 -0.38671148
v 0.4407857 0.10295319 -0.3234868
v 0.48466384 0.10295319 -0.2521577
v 0.5173002 0.102953196 -0.1737696
v 0.5376488 0.102953196 -0.089368455
v 0.544664 0.102953196 0
v 0.08574254 0.08450254 -0.5158348
v 0.16671932 0.084502555 -0.49631187
v 0.24192695 0.084502555 -0.46499968
v 0.31036213 0.084502555 -0.42290187
v 0.3710215 0.084502555 -0.3710215
v 0.4229018 0.08450255 -0.3103621
v 0.46499968 0.08450255 -0.24192695
v 0.49631187 0.08450255 -0.16671929
v 0.5158349 0.084502555 -0.085742526
v 0.52256554 0.08450255 0
v 0.0827565 0.069415405 -0.49787042
v 0.16091317 0.06941542 -0.4790274
v 0.2335016 0.06941542 -0.44880566
v 0.2995535 0.06941542 -0.40817398
v 0.35810032 0.06941541 -0.35810038
v 0.40817395 0.06941542 -0.2995535
v 0.44880566 0.06941542 -0.23350161
v 0.47902733 0.06941542 -0.16091314
v 0.4978705 0.06941542 -0.08275647
v 0.5043667 0.06941542 0
v 0.08073024 0.057545573 -0.4856803
v 0.15697327 0.057545584 -0.4672986
v 0.22778445 0.057545576 -0.43781686
v 0.29221907 0.057545584 -0.39817998
v 0.34933245 0.057545573 -0.34933245
v 0.39817998 0.057545573 -0.29221904
v 0.4378169 0.057545576 -0.22778444
v 0.4672986 0.057545576 -0.15697327
v 0.48568034 0.057545576 -0.08073021
v 0.49201757 0.057545576 0
v 0.07998372 0.04874678 -0.48118925
v 0.15552174 0.04874679 -0.46297747
v 0.2256781 0.04874679 -0.43376836
v 0.28951693 0.048746787 -0.39449796
v 0.34610218 0.048746787 -0.34610218
v 0.39449796 0.048746787 -0.28951687
v 0.43376836 0.048746787 -0.22567812
v 0.46297744 0.048746787 -0.15552174
v 0.48118925 0.048746787 -0.0799837
v 0.48746783 0.048746787 0
v 0.6370944 0.25077784 0.105898425
v 0.61298203 0.25077778 0.20591079
v 0.5743093 0.25077778 0.2987978
v 0.5223153 0.2507778 0.3833204
v 0.4582392 0.25077787 0.45823926
v 0.3833203 0.25077778 0.52231526
v 0.2987978 0.25077778 0.5743093
v 0.20591077 0.25077778 0.61298203
v 0.1058984 0.25077784 0.63709456
v -0 0.2507778 0.6454074
v 0.6249044 0.21331589 0.10387222
v 0.6012535 0.21331598 0.2019709
v 0.5633206 0.21331593 0.29308066
v 0.5123215 0.21331595 0.37598595
v 0.4494714 0.21331592 0.44947138
v 0.37598592 0.21331593 0.5123214
v 0.2930807 0.21331593 0.5633206
v 0.20197089 0.21331595 0.60125345
v 0.10387219 0.21331592 0.6249045
v -0 0.21331593 0.63305825
v 0.60694 0.17994872 0.100886144
v 0.5839689 0.17994878 0.1961648
v 0.54712653 0.17994876 0.28465536
v 0.49759346 0.17994876 0.36517733
v 0.43655017 0.17994872 0.4365502
v 0.3651773 0.17994873 0.49759346
v 0.28465533 0.17994876 0.5471266
v 0.19616476 0.17994878 0.5839689
v 0.10088609 0.17994878 0.60694003
v -0 0.17994876 0.61485946
v 0.58512604 0.15053003 0.09726021
v 0.56298065 0.15053008 0.18911445
v 0.52746236 0.15053008 0.27442458
v 0.47970957 0.15053007 0.35205257
v 0.4208603 0.15053007 0.42086023
v 0.35205257 0.15053007 0.47970957
v 0.2744246 0.15053007 0.5274623
v 0.18911444 0.15053008 0.56298065
v 0.09726017 0.15053007 0.5851261
v -0 0.15053008 0.5927609
v 0.5613874 0.12491361 0.09331433
v 0.5401404 0.12491363 0.18144204
v 0.5060631 0.124913625 0.26329115
v 0.4602477 0.12491363 0.33776972
v 0.40378585 0.12491362 0.40378585
v 0.3377697 0.124913625 0.46024764
v 0.26329115 0.124913625 0.5060631
v 0.18144202 0.12491362 0.54014033
v 0.09331432 0.124913625 0.56138754
v -0 0.12491363 0.5687125
v 0.5376488 0.102953166 0.08936848
v 0.5173002 0.102953196 0.17376965
v 0.48466387 0.10295318 0.25215766
v 0.4407857 0.10295319 0.32348686
v 0.38671148 0.10295318 0.38671148
v 0.3234868 0.10295319 0.4407857
v 0.2521577 0.10295319 0.48466384
v 0.1737696 0.102953196 0.5173002
v 0.089368455 0.102953196 0.5376488
v -0 0.102953196 0.544664
v 0.5158348 0.08450254 0.08574254
v 0.49631187 0.084502555 0.16671932
v 0.46499968 0.084502555 0.24192695
v 0.42290187 0.084502555 0.31036213
v 0.3710215 0.084502555 0.3710215
v 0.3103621 0.08450255 0.4229018
v 0.24192695 0.08450255 0.46499968
v 0.16671929 0.08450255 0.49631187
v 0.085742526 0.084502555 0.5158349
v -0 0.08450255 0.52256554
v 0.49787042 0.069415405 0.0827565
v 0.4790274 0.06941542 0.16091317
v 0.44880566 0.06941542 0.2335016
v 0.40817398 0.06941542 0.2995535
v 0.35810038 0.06941541 0.35810032
v 0.2995535 0.06941542 0.40817395
v 0.23350161 0.06941542 0.44880566
v 0.16091314 0.06941542 0.47902733
v 0.08275647 0.06941542 0.4978705
v -0 0.06941542 0.5043667
v 0.4856803 0.057545573 0.08073024
v 0.4672986 0.057545584 0.15697327
v 0.43781686 0.057545576 0.22778445
v 0.39817998 0.057545584 0.29221907
v 0.34933245 0.057545573 0.34933245
v 0.29221904 0.057545573 0.39817998
v 0.22778444 0.057545576 0.4378169
v 0.15697327 0.057545576 0.4672986
v 0.08073021 0.057545576 0.48568034
v -0 0.057545576 0.49201757
v 0.48118925 0.04874678 0.07998372
v 0.46297747 0.04874679 0.15552174
v 0.43376836 0.04874679 0.2256781
v 0.39449796 0.048746787 0.28951693
v 0.34610218 0.048746787 0.34610218
v 0.28951687 0.048746787 0.39449796
v 0.22567812 0.048746787 0.43376836
v 0.15552174 0.048746787 0.46297744
v 0.0799837 0.048746787 0.48118925
v -0 0.048746787 0.48746783
v -0.105898425 0.25077784 0.6370944
v -0.20591079 0.25077778 0.61298203
v -0.2987978 0.25077778 0.5743093
v -0.3833204 0.2507778 0.5223153
v -0.45823926 0.25077787 0.4582392
v -0.52231526 0.25077778 0.3833203
v -0.5743093 0.25077778 0.2987978
v -0.61298203 0.25077778 0.20591077
v -0.63709456 0.25077784 0.1058984
v -0.10387222 0.21331589 0.6249044
v -0.2019709 0.21331598 0.6012535
v -0.29308066 0.21331593 0.5633206
v -0.37598595 0.21331595 0.5123215
v -0.44947138 0.21331592 0.4494714
v -0.5123214 0.21331593 0.37598592
v -0.5633206 0.21331593 0.2930807
v -0.60125345 0.21331595 0.20197089
v -0.6249045 0.21331592 0.10387219
v -0.100886144 0.17994872 0.60694
v -0.1961648 0.17994878 0.5839689
v -0.28465536 0.17994876 0.54712653
v -0.36517733 0.17994876 0.49759346
v -0.4365502 0.17994872 0.43655017
v -0.49759346 0.17994873 0.3651773
v -0.5471266 0.17994876 0.28465533
v -0.5839689 0.17994878 0.19616476
v -0.60694003 0.17994878 0.10088609
v -0.09726021 0.15053003 0.58512604
v -0.18911445 0.15053008 0.56298065
v -0.27442458 0.15053008 0.52746236
v -0.35205257 0.15053007 0.47970957
v -0.42086023 0.15053007 0.4208603
v -0.47970957 0.15053007 0.35205257
v -0.5274623 0.15053007 0.2744246
v -0.56298065 0.15053008 0.18911444
v -0.5851261 0.15053007 0.09726017
v -0.09331433 0.12491361 0.5613874
v -0.18144204 0.12491363 0.5401404
v -0.26329115 0.124913625 0.5060631
v -0.33776972 0.12491363 0.4602477
v -0.40378585 0.12491362 0.40378585
v -0.46024764 0.124913625 0.3377697
v -0.5060631 0.124913625 0.26329115
v -0.54014033 0.12491362 0.18144202
v -0.56138754 0.124913625 0.09331432
v -0.08936848 0.102953166 0.5376488
v -0.17376965 0.102953196 0.5173002
v -0.25215766 0.10295318 0.48466387
v -0.32348686 0.10295319 0.4407857
v -0.38671148 0.10295318 0.38671148
v -0.4407857 0.10295319 0.3234868
v -0.48466384 0.10295319 0.2521577
v -0.5173002 0.102953196 0.1737696
v -0.5376488 0.102953196 0.089368455
v -0.08574254 0.08450254 0.5158348
v -0.16671932 0.084502555 0.49631187
v -0.24192695 0.084502555 0.46499968
v -0.31036213 0.084502555 0.42290187
v -0.3710215 0.084502555 0.3710215
v -0.4229018 0.08450255 0.3103621
v -0.46499968 0.08450255 0.24192695
v -0.49631187 0.08450255 0.16671929
v -0.5158349 0.084502555 0.085742526
v -0.0827565 0.069415405 0.49787042
v -0.16091317 0.06941542 0.4790274
v -0.2335016 0.06941542 0.44880566
v -0.2995535 0.06941542 0.40817398
v -0.35810032 0.06941541 0.35810038
v -0.40817395 0.06941542 0.2995535
v -0.44880566 0.06941542 0.23350161
v -0.47902733 0.06941542 0.16091314
v -0.4978705 0.06941542 0.08275647
v -0.08073024 0.057545573 0.4856803
v -0.15697327 0.057545584 0.4672986
v -0.22778445 0.057545576 0.43781686
v -0.29221907 0.057545584 0.39817998
v -0.34933245 0.057545573 0.34933245
v -0.39817998 0.057545573 0.29221904
v -0.4378169 0.057545576 0.22778444
v -0.4672986 0.057545576 0.15697327
v -0.48568034 0.057545576 0.08073021
v -0.07998372 0.04874678 0.48118925
v -0.15552174 0.04874679 0.46297747
v -0.2256781 0.04874679 0.43376836
v -0.28951693 0.048746787 0.39449796
v -0.34610218 0.048746787 0.34610218
v -0.39449796 0.048746787 0.28951687
v -0.43376836 0.048746787 0.22567812
v -0.46297744 0.048746787 0.15552174
v -0.48118925 0.048746787 0.0799837
v 0.5199657 0.6580816 0
v 0.5190557 0.6601289 -0.026323263
v 0.58510906 0.6600538 -0.026323259
v 0.58525383 0.65800846 0
v 0.516586 0.66568613 -0.04679692
v 0.5847165 0.66560525 -0.046796914
v 0.5129462 0.6738756 -0.06142095
v 0.5841377 0.67378664 -0.06142095
v 0.50852644 0.68382 -0.07019538
v 0.583435 0.683721 -0.07019537
v 0.50371677 0.6946417 -0.07312018
v 0.5826703 0.6945318 -0.07312018
v 0.4989071 0.70546347 -0.07019537
v 0.5819055 0.7053429 -0.070195355
v 0.49448738 0.7154078 -0.06142095
v 0.5812028 0.71527743 -0.06142095
v 0.4908476 0.7235973 -0.046796914
v 0.58062404 0.72345865 -0.046796907
v 0.48837778 0.7291544 -0.026323257
v 0.5802314 0.7290102 -0.026323251
v 0.48746783 0.73120177 0
v 0.5800867 0.7310555 0
v 0.64501435 0.65952754 -0.026323266
v 0.6444975 0.6574967 0
v 0.64641726 0.66504043 -0.046796925
v 0.64848465 0.6731643 -0.06142095
v 0.6509951 0.68302906 -0.070195384
v 0.65372694 0.69376427 -0.073120184
v 0.6564588 0.7044994 -0.07019538
v 0.65896934 0.71436447 -0.06142095
v 0.6610367 0.7224883 -0.04679692
v 0.66243947 0.72800094 -0.026323259
v 0.66295636 0.73003197 0
v 0.6985816 0.65809953 -0.02632326
v 0.6975015 0.6561073 0
v 0.7015133 0.6635066 -0.046796914
v 0.7058337 0.6714749 -0.06142095
v 0.7110799 0.6811508 -0.07019538
v 0.7167889 0.6916802 -0.07312018
v 0.722498 0.7022099 -0.07019537
v 0.72774434 0.7118857 -0.06142095
v 0.73206466 0.7198541 -0.04679691
v 0.73499644 0.7252613 -0.026323257
v 0.7360765 0.72725326 0
v 0.74562144 0.6553182 -0.02632326
v 0.74407095 0.653402 0
v 0.74983 0.6605198 -0.046796914
v 0.7560322 0.6681851 -0.06142095
v 0.76356345 0.677493 -0.07019538
v 0.77175915 0.68762225 -0.073120184
v 0.7799548 0.6977513 -0.07019537
v 0.7874861 0.70705926 -0.061420955
v 0.7936882 0.71472466 -0.046796914
v 0.79789674 0.71992606 -0.026323259
v 0.7994473 0.72184247 0
v 0.78594434 0.65073293 -0.026323263
v 0.7840108 0.64894164 0
v 0.7911929 0.6555955 -0.04679692
v 0.7989273 0.66276133 -0.061420947
v 0.80831933 0.67146266 -0.07019538
v 0.81853974 0.6809317 -0.07312017
v 0.8287603 0.6904006 -0.07019537
v 0.8381522 0.69910204 -0.06142095
v 0.8458867 0.7062678 -0.04679691
v 0.8511352 0.7111303 -0.026323259
v 0.8530687 0.7129217 0
v 0.81936085 0.6438927 -0.02632326
v 0.8171261 0.6422876 0
v 0.82542676 0.64824957 -0.04679692
v 0.8343661 0.65467006 -0.06142095
v 0.8452209 0.66246647 -0.07019537
v 0.85703343 0.67095065 -0.07312018
v 0.868846 0.67943496 -0.07019537
v 0.8797008 0.68723136 -0.06142095
v 0.88864017 0.693652 -0.04679691
v 0.89470595 0.6980087 -0.026323257
v 0.8969408 0.69961387 0
v 0.84568137 0.6343465 -0.02632326
v 0.84322184 0.6330013 0
v 0.85235745 0.63799757 -0.04679692
v 0.8621957 0.64337796 -0.06142095
v 0.8741421 0.6499114 -0.07019538
v 0.8871427 0.65702134 -0.073120184
v 0.90014327 0.6641312 -0.07019537
v 0.91208977 0.67066467 -0.06142095
v 0.9219281 0.67604524 -0.04679691
v 0.928604 0.67969614 -0.026323259
v 0.9310636 0.6810413 0
v 0.86471635 0.6216431 -0.026323263
v 0.86210316 0.6206441 0
v 0.8718099 0.62435514 -0.046796925
v 0.88226324 0.6283515 -0.061420947
v 0.8949567 0.63320434 -0.07019538
v 0.90876997 0.63848543 -0.07312018
v 0.92258346 0.6437664 -0.07019537
v 0.9352768 0.64861923 -0.06142095
v 0.94573027 0.6526157 -0.046796914
v 0.9528237 0.6553276 -0.026323259
v 0.955437 0.65632665 0
v 0.8762765 0.6053317 -0.026323263
v 0.8735749 0.604777 0
v 0.8836096 0.6068378 -0.046796914
v 0.894416 0.6090571 -0.06142095
v 0.90753806 0.61175215 -0.07019538
v 0.92181796 0.61468476 -0.07312018
v 0.9360979 0.6176175 -0.07019537
v 0.94922006 0.6203124 -0.06142095
v 0.9600265 0.6225317 -0.04679691
v 0.9673594 0.62403774 -0.026323259
v 0.97006106 0.6245926 0
v 0.88017184 0.5849613 -0.026323263
v 0.8774421 0.5849614 0
v 0.8875815 0.5849615 -0.04679692
v 0.8985007 0.5849614 -0.06142095
v 0.9117599 0.5849614 -0.07019538
v 0.9261889 0.5849614 -0.07312018
v 0.9406179 0.58496135 -0.07019537
v 0.9538771 0.5849614 -0.06142095
v 0.96479636 0.5849614 -0.046796914
v 0.9722059 0.5849614 -0.026323257
v 0.97493565 0.5849614 0
v 0.48837778 0.72915435 0.026323263
v 0.5802313 0.72901005 0.026323259
v 0.49084765 0.7235974 0.04679692
v 0.5806241 0.7234587 0.046796914
v 0.49448738 0.7154078 0.06142095
v 0.5812028 0.71527743 0.06142095
v 0.49890712 0.7054635 0.07019538
v 0.5819055 0.7053429 0.07019537
v 0.50371677 0.6946417 0.07312018
v 0.5826703 0.6945318 0.07312018
v 0.50852644 0.68381995 0.07019537
v 0.583435 0.6837209 0.070195355
v 0.5129462 0.6738756 0.06142095
v 0.58413774 0.67378664 0.06142095
v 0.51658595 0.66568613 0.046796914
v 0.5847164 0.6656053 0.046796907
v 0.5190558 0.66012895 0.026323257
v 0.5851092 0.6600538 0.026323251
v 0.66243935 0.7280008 0.026323266
v 0.6610367 0.7224883 0.046796925
v 0.6589692 0.7143644 0.06142095
v 0.65645885 0.7044995 0.070195384
v 0.65372694 0.69376427 0.073120184
v 0.65099496 0.683029 0.07019538
v 0.64848465 0.67316437 0.06142095
v 0.64641726 0.6650403 0.04679692
v 0.64501435 0.65952766 0.026323259
v 0.73499626 0.72526115 0.02632326
v 0.7320646 0.7198541 0.046796914
v 0.7277444 0.71188575 0.06142095
v 0.7224981 0.7022099 0.07019538
v 0.71678907 0.6916802 0.07312018
v 0.71107984 0.6811506 0.07019537
v 0.7058337 0.6714748 0.06142095
v 0.7015133 0.6635065 0.04679691
v 0.6985817 0.65809953 0.026323257
v 0.79789656 0.71992606 0.02632326
v 0.7936882 0.7147246 0.046796914
v 0.787486 0.7070593 0.06142095
v 0.7799548 0.69775146 0.07019538
v 0.7717591 0.68762213 0.073120184
v 0.76356345 0.6774929 0.07019537
v 0.7560322 0.6681851 0.061420955
v 0.74983 0.6605198 0.046796914
v 0.7456215 0.65531826 0.026323259
v 0.8511352 0.7111303 0.026323263
v 0.8458867 0.70626795 0.04679692
v 0.8381522 0.69910204 0.061420947
v 0.8287603 0.6904007 0.07019538
v 0.8185398 0.68093157 0.07312017
v 0.8083192 0.6714626 0.07019537
v 0.7989273 0.66276133 0.06142095
v 0.7911928 0.6555955 0.04679691
v 0.78594434 0.650733 0.026323259
v 0.8947059 0.6980086 0.02632326
v 0.88864017 0.693652 0.04679692
v 0.8797008 0.68723136 0.06142095
v 0.86884606 0.6794351 0.07019537
v 0.85703343 0.6709507 0.07312018
v 0.8452208 0.6624664 0.07019537
v 0.83436596 0.6546701 0.06142095
v 0.8254269 0.64824957 0.04679691
v 0.81936085 0.64389277 0.026323257
v 0.9286039 0.6796961 0.02632326
v 0.92192805 0.67604524 0.04679692
v 0.91208977 0.67066467 0.06142095
v 0.9001433 0.66413116 0.07019538
v 0.8871427 0.6570213 0.073120184
v 0.8741421 0.64991134 0.07019537
v 0.8621957 0.64337796 0.06142095
v 0.85235745 0.63799757 0.04679691
v 0.8456814 0.6343465 0.026323259
v 0.9528236 0.6553274 0.026323263
v 0.9457303 0.6526158 0.046796925
v 0.9352768 0.64861923 0.061420947
v 0.9225836 0.64376646 0.07019538
v 0.90876997 0.63848543 0.07312018
v 0.8949567 0.63320434 0.07019537
v 0.88226324 0.6283515 0.06142095
v 0.8718099 0.6243551 0.046796914
v 0.86471653 0.6216432 0.026323259
v 0.9673594 0.6240376 0.026323263
v 0.96002644 0.6225317 0.046796914
v 0.94922006 0.62031233 0.06142095
v 0.936098 0.6176175 0.07019538
v 0.92181796 0.61468476 0.07312018
v 0.90753794 0.61175203 0.07019537
v 0.894416 0.6090571 0.06142095
v 0.8836095 0.6068378 0.04679691
v 0.8762766 0.60533184 0.026323259
v 0.9722059 0.5849613 0.026323263
v 0.9647964 0.5849615 0.04679692
v 0.9538771 0.5849614 0.06142095
v 0.940618 0.5849614 0.07019538
v 0.92618895 0.5849614 0.07312018
v 0.91175973 0.58496135 0.07019537
v 0.89850074 0.5849614 0.06142095
v 0.8875814 0.5849614 0.046796914
v 0.88017195 0.5849614 0.026323257
v 0.87814885 0.5604316 -0.026323259
v 0.87545973 0.56097794 0
v 0.88544863 0.5589488 -0.046796914
v 0.8962058 0.5567636 -0.06142095
v 0.90926844 0.55411017 -0.07019537
v 0.9234833 0.5512224 -0.07312018
v 0.93769825 0.5483348 -0.070195355
v 0.9507607 0.54568136 -0.06142095
v 0.96151817 0.54349613 -0.046796907
v 0.9688178 0.54201335 -0.026323251
v 0.9715071 0.5414671 0
v 0.8719523 0.532513 -0.026323266
v 0.86938274 0.5334849 0
v 0.87892723 0.5298753 -0.046796925
v 0.8892058 0.52598804 -0.06142095
v 0.9016872 0.5212677 -0.070195384
v 0.9152698 0.516131 -0.073120184
v 0.9288522 0.51099426 -0.07019538
v 0.9413334 0.506274 -0.06142095
v 0.95161223 0.5023867 -0.04679692
v 0.958587 0.49974892 -0.026323259
v 0.9611566 0.49877712 0
v 0.8613894 0.50206023 -0.02632326
v 0.85901576 0.5033593 0
v 0.86783206 0.49853426 -0.046796914
v 0.87732637 0.493338 -0.06142095
v 0.88885504 0.48702836 -0.07019538
v 0.9014012 0.48016194 -0.07312018
v 0.91394734 0.47329545 -0.07019537
v 0.925476 0.4669858 -0.06142095
v 0.93497026 0.4617896 -0.04679691
v 0.9414128 0.45826367 -0.026323257
v 0.9437865 0.4569645 0
v 0.84626806 0.46992832 -0.02632326
v 0.8441644 0.4714789 0
v 0.8519784 0.46571985 -0.046796914
v 0.8603936 0.4595176 -0.06142095
v 0.87061197 0.45198643 -0.07019538
v 0.8817319 0.4437908 -0.073120184
v 0.8928518 0.435595 -0.07019537
v 0.9030703 0.4280639 -0.061420955
v 0.9114855 0.4218617 -0.046796914
v 0.9171957 0.4176531 -0.026323259
v 0.91929936 0.4161026 0
v 0.826396 0.43697223 -0.026323263
v 0.82463306 0.43872106 0
v 0.83118147 0.4322256 -0.04679692
v 0.83823353 0.42523044 -0.061420947
v 0.84679663 0.41673627 -0.07019538
v 0.85611534 0.40749264 -0.07312017
v 0.8654343 0.39824903 -0.07019537
v 0.87399733 0.3897549 -0.06142095
v 0.8810494 0.3827598 -0.04679691
v 0.8858347 0.378013 -0.026323259
v 0.8875977 0.37626427 0
v 0.801581 0.40404677 -0.02632326
v 0.80022717 0.40596318 0
v 0.8052563 0.39884543 -0.04679692
v 0.81067216 0.39118004 -0.06142095
v 0.8172489 0.38187215 -0.07019537
v 0.8244055 0.371743 -0.07312018
v 0.83156234 0.36161375 -0.07019537
v 0.83813894 0.35230586 -0.06142095
v 0.8435549 0.34464055 -0.04679691
v 0.8472301 0.339439 -0.026323257
v 0.848584 0.33752272 0
v 0.771631 0.37200707 -0.02632326
v 0.7707516 0.37408283 0
v 0.7740181 0.36637318 -0.04679692
v 0.77753603 0.3580704 -0.06142095
v 0.78180766 0.34798846 -0.07019538
v 0.7864562 0.337017 -0.073120184
v 0.79110473 0.32604548 -0.07019537
v 0.7953765 0.3159636 -0.06142095
v 0.7988943 0.30766085 -0.04679691
v 0.80128145 0.30202684 -0.026323259
v 0.80216086 0.29995117 0
v 0.73635346 0.34170786 -0.026323263
v 0.73601145 0.3439573 0
v 0.73728234 0.33560252 -0.046796925
v 0.7386508 0.326605 -0.061420947
v 0.7403126 0.31567952 -0.07019538
v 0.742121 0.30378994 -0.07312018
v 0.74392945 0.2919004 -0.07019537
v 0.7455913 0.28097492 -0.06142095
v 0.7469598 0.2719774 -0.046796914
v 0.7478885 0.26587197 -0.026323259
v 0.7482307 0.2636226 0
v 0.69555634 0.31400415 -0.026323263
v 0.69581157 0.31646413 0
v 0.6948636 0.30732733 -0.046796914
v 0.69384265 0.29748768 -0.06142095
v 0.69260293 0.28553954 -0.07019538
v 0.6912538 0.27253717 -0.07312018
v 0.68990463 0.2595348 -0.07019537
v 0.6886649 0.24758668 -0.06142095
v 0.687644 0.23774703 -0.04679691
v 0.6869512 0.23107013 -0.026323259
v 0.68669593 0.22861022 0
v 0.64904714 0.28975084 -0.026323263
v 0.64657736 0.28234142 -0.04679692
v 0.6429376 0.2714221 -0.06142095
v 0.63851786 0.25816298 -0.07019538
v 0.6337082 0.24373391 -0.07312018
v 0.62889844 0.22930488 -0.07019537
v 0.6244788 0.21604577 -0.06142095
v 0.62083906 0.20512648 -0.046796914
v 0.6183692 0.19771695 -0.026323257
v 0.61745924 0.19498715 0
v 0.96881765 0.5420133 0.026323259
v 0.96151817 0.54349613 0.046796914
v 0.9507607 0.5456813 0.06142095
v 0.93769825 0.5483349 0.07019537
v 0.9234833 0.5512224 0.07312018
v 0.90926826 0.5541101 0.070195355
v 0.8962058 0.55676365 0.06142095
v 0.8854485 0.5589488 0.046796907
v 0.878149 0.56043166 0.026323251
v 0.95858705 0.4997489 0.026323266
v 0.95161223 0.5023867 0.046796925
v 0.9413336 0.506274 0.06142095
v 0.9288522 0.51099426 0.070195384
v 0.9152698 0.5161309 0.073120184
v 0.90168715 0.5212677 0.07019538
v 0.8892058 0.525988 0.06142095
v 0.87892723 0.5298753 0.04679692
v 0.87195235 0.532513 0.026323259
v 0.9414128 0.4582636 0.02632326
v 0.9349703 0.4617896 0.046796914
v 0.92547596 0.4669858 0.06142095
v 0.91394734 0.47329548 0.07019538
v 0.9014012 0.48016194 0.07312018
v 0.888855 0.4870283 0.07019537
v 0.87732637 0.493338 0.06142095
v 0.86783195 0.49853426 0.04679691
v 0.8613894 0.50206023 0.026323257
v 0.9171957 0.4176531 0.02632326
v 0.9114855 0.4218617 0.046796914
v 0.9030703 0.4280639 0.06142095
v 0.89285195 0.4355951 0.07019538
v 0.88173187 0.4437908 0.073120184
v 0.8706118 0.45198643 0.07019537
v 0.8603935 0.4595176 0.061420955
v 0.8519785 0.46571985 0.046796914
v 0.84626824 0.4699284 0.026323259
v 0.8858347 0.37801293 0.026323263
v 0.8810494 0.38275984 0.04679692
v 0.87399733 0.3897549 0.061420947
v 0.8654342 0.39824906 0.07019538
v 0.85611534 0.40749264 0.07312017
v 0.8467966 0.41673625 0.07019537
v 0.83823353 0.42523038 0.06142095
v 0.83118135 0.43222553 0.04679691
v 0.82639617 0.43697232 0.026323259
v 0.8472299 0.33943906 0.02632326
v 0.8435549 0.34464058 0.04679692
v 0.8381388 0.3523059 0.06142095
v 0.83156234 0.36161384 0.07019537
v 0.8244055 0.371743 0.07312018
v 0.8172488 0.38187212 0.07019537
v 0.8106722 0.39118004 0.06142095
v 0.8052563 0.39884537 0.04679691
v 0.8015811 0.40404686 0.026323257
v 0.8012813 0.30202678 0.02632326
v 0.7988943 0.30766085 0.04679692
v 0.7953764 0.3159636 0.06142095
v 0.7911048 0.3260455 0.07019538
v 0.7864563 0.33701697 0.073120184
v 0.78180766 0.3479885 0.07019537
v 0.77753603 0.3580704 0.06142095
v 0.7740183 0.36637312 0.04679691
v 0.7716312 0.37200716 0.026323259
v 0.7478884 0.2658719 0.026323263
v 0.7469599 0.27197745 0.046796925
v 0.7455913 0.2809749 0.061420947
v 0.74392956 0.29190046 0.07019538
v 0.74212104 0.30378994 0.07312018
v 0.7403126 0.3156795 0.07019537
v 0.7386508 0.32660505 0.06142095
v 0.7372822 0.33560252 0.046796914
v 0.73635364 0.34170794 0.026323259
v 0.68695116 0.2310701 0.026323263
v 0.68764395 0.23774703 0.046796914
v 0.6886649 0.24758665 0.06142095
v 0.68990463 0.2595348 0.07019538
v 0.6912538 0.27253717 0.07312018
v 0.6926029 0.28553954 0.07019537
v 0.69384265 0.29748768 0.06142095
v 0.6948636 0.30732733 0.04679691
v 0.69555634 0.31400424 0.026323259
v 0.6183691 0.19771694 0.026323263
v 0.6208391 0.2051265 0.04679692
v 0.6244788 0.21604577 0.06142095
v 0.6288985 0.22930488 0.07019538
v 0.6337082 0.24373391 0.07312018
v 0.63851786 0.25816298 0.07019537
v 0.6429376 0.2714221 0.06142095
v 0.64657736 0.28234136 0.046796914
v 0.6490472 0.28975087 0.026323257
v -0.5524636 0.46309444 0
v -0.55246353 0.45558736 -0.057911176
v -0.63026154 0.46251622 -0.056903873
v -0.62912595 0.46933398 0
v -0.5524636 0.4352113 -0.10295322
v -0.6333439 0.44401103 -0.10116244
v -0.5524636 0.40518323 -0.13512608
v -0.6378862 0.41674012 -0.1327757
v -0.5524636 0.36872074 -0.15442982
v -0.6434021 0.38362542 -0.15174367
v -0.5524636 0.3290408 -0.16086438
v -0.6494046 0.34758896 -0.15806632
v -0.55246353 0.28936088 -0.15442981
v -0.6554071 0.31155235 -0.15174367
v -0.5524636 0.25289834 -0.13512608
v -0.6609228 0.27843767 -0.1327757
v -0.5524636 0.2228703 -0.10295321
v -0.6654653 0.2511668 -0.101162426
v -0.5524636 0.20249416 -0.05791116
v -0.6685477 0.23266153 -0.05690386
v -0.5524636 0.19498715 0
v -0.6696832 0.22584383 0
v -0.68797284 0.48068234 -0.054169774
v -0.68609476 0.48668787 0
v -0.6930706 0.4643814 -0.09630181
v -0.70058316 0.440359 -0.12639613
v -0.7097055 0.41118896 -0.14445272
v -0.7196326 0.37944502 -0.1504716
v -0.7295597 0.34770104 -0.1444527
v -0.738682 0.31853104 -0.12639613
v -0.74619454 0.29450858 -0.09630181
v -0.7512922 0.27820763 -0.05416976
v -0.7531704 0.27220207 0
v -0.7294003 0.5079971 -0.050140552
v -0.7270745 0.5131086 0
v -0.7357133 0.4941228 -0.08913876
v -0.7450163 0.47367638 -0.11699461
v -0.75631315 0.44884875 -0.13370815
v -0.7686068 0.4218303 -0.13927932
v -0.78090036 0.39481193 -0.13370815
v -0.79219717 0.36998424 -0.11699463
v -0.80150044 0.34953785 -0.08913875
v -0.8078133 0.33566356 -0.050140537
v -0.8101391 0.33055195 0
v -0.75834703 0.54237217 -0.045247935
v -0.7557702 0.54654896 0
v -0.7653418 0.5310358 -0.08044079
v -0.77564955 0.5143293 -0.10557852
v -0.7881662 0.49404278 -0.12066117
v -0.8017872 0.4719664 -0.12568873
v -0.8154082 0.4498899 -0.12066117
v -0.8279248 0.42960346 -0.105578534
v -0.8382326 0.41289702 -0.080440775
v -0.8452271 0.40156043 -0.04524792
v -0.8478041 0.39738378 0
v -0.7786161 0.5817197 -0.039923616
v -0.77588636 0.5849614 0
v -0.78602564 0.572921 -0.070975326
v -0.796945 0.5599543 -0.09315511
v -0.8102041 0.5442091 -0.106462985
v -0.82463306 0.5270745 -0.110898934
v -0.83906215 0.50994015 -0.10646297
v -0.8523213 0.49419492 -0.093155116
v -0.8632406 0.48122826 -0.07097532
v -0.8706502 0.47242948 -0.03992361
v -0.8733798 0.46918777 0
v -0.79401046 0.62395096 -0.034599293
v -0.79112774 0.62629867 0
v -0.801835 0.6175789 -0.061509866
v -0.81336564 0.60818833 -0.08073169
v -0.8273674 0.5967855 -0.092264794
v -0.8426044 0.58437645 -0.096109144
v -0.8578415 0.5719675 -0.092264794
v -0.87184304 0.56056464 -0.08073169
v -0.88337386 0.5511741 -0.06150986
v -0.89119834 0.54480195 -0.034599286
v -0.89408094 0.54245424 0
v -0.80833316 0.66697776 -0.029706681
v -0.8051994 0.6685134 0
v -0.81683934 0.66281015 -0.05281188
v -0.8293747 0.6566679 -0.06931559
v -0.8445962 0.6492097 -0.07921782
v -0.86116076 0.6410934 -0.08251856
v -0.8777252 0.632977 -0.079217814
v -0.8929468 0.62551874 -0.0693156
v -0.9054821 0.61937666 -0.052811876
v -0.9139882 0.6152088 -0.029706674
v -0.91712207 0.61367327 0
v -0.82538724 0.7087119 -0.025677465
v -0.8218058 0.7095582 0
v -0.8351087 0.70641506 -0.045648836
v -0.84943473 0.7030301 -0.059914086
v -0.8668307 0.6989198 -0.06847324
v -0.88576156 0.6944467 -0.0713263
v -0.9046924 0.6899737 -0.06847324
v -0.9220885 0.68586344 -0.059914086
v -0.93641454 0.6824784 -0.04564883
v -0.9461359 0.6801815 -0.02567746
v -0.94971734 0.67933524 0
v -0.8489758 0.7470649 -0.022943353
v -0.8446518 0.74738574 0
v -0.8607126 0.7461944 -0.040788192
v -0.8780086 0.7449114 -0.053534497
v -0.89901114 0.7433535 -0.061182287
v -0.9218668 0.741658 -0.06373154
v -0.9447223 0.7399626 -0.06118228
v -0.96572477 0.73840463 -0.053534497
v -0.98302096 0.73712164 -0.04078819
v -0.99475765 0.73625106 -0.02294335
v -0.9990816 0.73593026 0
v -0.8829016 0.7799485 -0.021936052
v -0.8774421 0.7799486 0
v -0.8977209 0.77994865 -0.03899743
v -0.91955936 0.77994865 -0.05118412
v -0.9460777 0.7799486 -0.058496144
v -0.97493565 0.7799486 -0.06093348
v -1.0037937 0.7799486 -0.05849614
v -1.0303121 0.7799486 -0.05118412
v -1.0521506 0.7799486 -0.038997427
v -1.0669696 0.7799486 -0.021936046
v -1.0724292 0.7799486 0
v -0.55246353 0.20249413 0.057911176
v -0.6685475 0.23266149 0.056903873
v -0.5524636 0.2228703 0.10295322
v -0.6654655 0.2511668 0.10116244
v -0.5524636 0.25289834 0.13512608
v -0.66092294 0.27843767 0.1327757
v -0.5524636 0.28936094 0.15442982
v -0.6554071 0.31155238 0.15174367
v -0.5524636 0.32904077 0.16086438
v -0.6494046 0.34758902 0.15806632
v -0.55246353 0.36872068 0.15442981
v -0.64340204 0.3836254 0.15174367
v -0.5524636 0.40518326 0.13512608
v -0.6378863 0.41674012 0.1327757
v -0.5524636 0.4352113 0.10295321
v -0.6333439 0.444011 0.101162426
v -0.5524636 0.45558745 0.05791116
v -0.63026166 0.4625163 0.05690386
v -0.7512922 0.2782076 0.054169774
v -0.74619454 0.29450864 0.09630181
v -0.738682 0.318531 0.12639613
v -0.7295598 0.34770107 0.14445272
v -0.7196326 0.37944502 0.1504716
v -0.7097053 0.41118887 0.1444527
v -0.70058316 0.44035894 0.12639613
v -0.6930707 0.46438137 0.09630181
v -0.6879729 0.48068237 0.05416976
v -0.8078131 0.33566356 0.050140552
v -0.8015004 0.34953788 0.08913876
v -0.79219717 0.36998424 0.11699461
v -0.7809004 0.3948119 0.13370815
v -0.76860684 0.42183033 0.13927932
v -0.75631326 0.44884875 0.13370815
v -0.74501646 0.47367638 0.11699463
v -0.7357133 0.49412274 0.08913875
v -0.7294004 0.5079971 0.050140537
v -0.84522694 0.4015603 0.045247935
v -0.8382327 0.41289693 0.08044079
v -0.8279248 0.42960346 0.10557852
v -0.81540835 0.44988993 0.12066117
v -0.80178714 0.4719664 0.12568873
v -0.7881661 0.49404278 0.12066117
v -0.77564955 0.51432925 0.105578534
v -0.7653417 0.53103584 0.080440775
v -0.75834715 0.54237235 0.04524792
v -0.87065005 0.47242945 0.039923616
v -0.86324066 0.4812283 0.070975326
v -0.85232127 0.49419495 0.09315511
v -0.8390623 0.50994015 0.106462985
v -0.82463306 0.52707464 0.110898934
v -0.810204 0.5442091 0.10646297
v -0.79694486 0.5599543 0.093155116
v -0.78602564 0.572921 0.07097532
v -0.7786161 0.58171976 0.03992361
v -0.8911981 0.5448019 0.034599293
v -0.8833739 0.55117404 0.061509866
v -0.87184304 0.56056464 0.08073169
v -0.85784155 0.57196754 0.092264794
v -0.8426044 0.5843765 0.096109144
v -0.8273673 0.5967854 0.092264794
v -0.8133657 0.60818833 0.08073169
v -0.80183494 0.6175789 0.06150986
v -0.79401046 0.623951 0.034599286
v -0.913988 0.6152088 0.029706681
v -0.9054822 0.61937666 0.05281188
v -0.89294666 0.62551874 0.06931559
v -0.8777253 0.63297707 0.07921782
v -0.86116076 0.6410934 0.08251856
v -0.8445961 0.6492097 0.079217814
v -0.8293747 0.65666795 0.0693156
v -0.81683934 0.66281 0.052811876
v -0.80833316 0.6669779 0.029706674
v -0.94613576 0.68018144 0.025677465
v -0.93641466 0.6824784 0.045648836
v -0.9220885 0.68586344 0.059914086
v -0.9046925 0.6899738 0.06847324
v -0.88576156 0.69444674 0.0713263
v -0.86683065 0.6989197 0.06847324
v -0.84943473 0.7030301 0.059914086
v -0.8351086 0.706415 0.04564883
v -0.82538736 0.708712 0.02567746
v -0.99475753 0.73625094 0.022943353
v -0.98302096 0.7371217 0.040788192
v -0.9657248 0.7384047 0.053534497
v -0.94472235 0.7399626 0.061182287
v -0.92186666 0.741658 0.06373154
v -0.899011 0.7433534 0.06118228
v -0.87800866 0.7449114 0.053534497
v -0.8607125 0.7461943 0.04078819
v -0.8489759 0.74706495 0.02294335
v -1.0669695 0.7799485 0.021936052
v -1.0521507 0.77994865 0.03899743
v -1.030312 0.77994865 0.05118412
v -1.0037938 0.7799486 0.058496144
v -0.97493565 0.7799486 0.06093348
v -0.9460776 0.7799486 0.05849614
v -0.9195593 0.7799486 0.05118412
v -0.8977208 0.7799486 0.038997427
v -0.8829017 0.7799486 0.021936046
v -0.89284825 0.78657985 -0.021690367
v -0.8871264 0.7865292 0
v -0.9083793 0.7867175 -0.038560655
v -0.931267 0.78692025 -0.050610855
v -0.9590591 0.7871663 -0.057840984
v -0.98930377 0.7874342 -0.060251027
v -1.019548 0.78770196 -0.05784098
v -1.0473404 0.78794825 -0.050610855
v -1.0702281 0.7881508 -0.03856065
v -1.0857592 0.7882884 -0.021690361
v -1.091481 0.78833896 0
v -0.9022589 0.79174614 -0.021023516
v -0.89642084 0.7916479 0
v -0.91810566 0.7920129 -0.03737514
v -0.94145834 0.7924059 -0.049054865
v -0.96981514 0.79288334 -0.056062706
v -1.000674 0.7934026 -0.05839865
v -1.0315329 0.7939222 -0.056062706
v -1.0598899 0.7943994 -0.04905487
v -1.0832427 0.7947926 -0.037375137
v -1.0990891 0.79505944 -0.02102351
v -1.1049272 0.7951576 0
v -0.91076124 0.7954434 -0.020040777
v -0.9049353 0.7953038 0
v -0.9265751 0.79582286 -0.03562805
v -0.9498795 0.79638165 -0.04676181
v -0.97817796 0.79706055 -0.053442083
v -1.0089731 0.79779917 -0.05566883
v -1.0397685 0.7985377 -0.053442072
v -1.0680666 0.7992163 -0.04676182
v -1.0913712 0.7997753 -0.035628047
v -1.1071849 0.80015457 -0.020040773
v -1.113011 0.8002943 0
v -0.9179832 0.7976693 -0.018847456
v -0.9122798 0.79749745 0
v -0.93346435 0.7981363 -0.033506595
v -0.9562783 0.7988241 -0.0439774
v -0.98398113 0.79965955 -0.050259892
v -1.0141281 0.8005686 -0.052354053
v -1.0442753 0.80147755 -0.050259892
v -1.071978 0.80231285 -0.0439774
v -1.0947921 0.80300087 -0.03350659
v -1.1102729 0.8034676 -0.018847452
v -1.1159766 0.80363953 0
v -0.92355233 0.7984205 -0.01754884
v -0.91806436 0.79822856 0
v -0.9384487 0.79894155 -0.031197945
v -0.96040094 0.79970926 -0.0409473
v -0.9870574 0.80064166 -0.046796914
v -1.0160658 0.801656 -0.04874678
v -1.0450741 0.8026707 -0.04679691
v -1.0717306 0.80360293 -0.040947296
v -1.093683 0.80437064 -0.031197943
v -1.108579 0.8048917 -0.017548837
v -1.1140672 0.80508363 0
v -0.9270966 0.79769385 -0.016250227
v -0.92189914 0.7974974 0
v -0.9412045 0.7982274 -0.028889298
v -0.96199477 0.79901356 -0.0379172
v -0.9872402 0.7999683 -0.04333394
v -1.014713 0.8010071 -0.04513952
v -1.0421859 0.80204606 -0.04333394
v -1.0674312 0.8030006 -0.037917197
v -1.0882218 0.803787 -0.028889291
v -1.1023294 0.80432045 -0.016250223
v -1.1075269 0.80451703 0
v -0.92824376 0.7954864 -0.015056906
v -0.92339414 0.79530376 0
v -0.94140744 0.7959825 -0.026767835
v -0.9608064 0.79671335 -0.03513278
v -0.9843624 0.797601 -0.040151753
v -1.0099969 0.7985669 -0.041824743
v -1.0356312 0.7995326 -0.04015175
v -1.0591872 0.8004202 -0.03513278
v -1.0785862 0.80115116 -0.026767835
v -1.0917498 0.801647 -0.015056903
v -1.0965995 0.80182976 0
v -0.92662144 0.791795 -0.014074172
v -0.92215925 0.79164773 0
v -0.9387337 0.7921954 -0.025020754
v -0.956583 0.792785 -0.03283973
v -0.9782573 0.793501 -0.037531126
v -1.0018439 0.79428005 -0.039094925
v -1.0254307 0.79505926 -0.037531123
v -1.0471048 0.7957753 -0.032839734
v -1.0649543 0.7963649 -0.02502075
v -1.0770663 0.796765 -0.014074168
v -1.0815287 0.79691243 0
v -0.92185754 0.7866169 -0.013407315
v -0.9178044 0.78652936 0
v -0.9328589 0.7868545 -0.02383523
v -0.9490713 0.78720456 -0.031283736
v -0.9687578 0.7876298 -0.035752844
v -0.99018127 0.7880923 -0.037242543
v -1.0116048 0.788555 -0.035752844
v -1.0312912 0.78898007 -0.031283736
v -1.0475037 0.7893302 -0.023835227
v -1.058505 0.78956777 -0.013407311
v -1.062558 0.7896552 0
v -0.91357964 0.7799485 -0.013161631
v -0.90993994 0.7799486 0
v -0.92345905 0.77994865 -0.02339846
v -0.9380181 0.77994865 -0.030710476
v -0.955697 0.7799486 -0.03509769
v -0.97493565 0.7799486 -0.03656009
v -0.9941744 0.7799486 -0.035097685
v -1.0118532 0.7799486 -0.030710476
v -1.0264122 0.7799486 -0.023398457
v -1.0362917 0.7799486 -0.0131616285
v -1.0399314 0.7799486 0
v -1.0857589 0.7882883 0.021690367
v -1.0702281 0.7881508 0.038560655
v -1.0473404 0.7879482 0.050610855
v -1.0195482 0.787702 0.057840984
v -0.98930377 0.7874342 0.060251027
v -0.95905906 0.78716624 0.05784098
v -0.931267 0.78692025 0.050610855
v -0.9083793 0.7867175 0.03856065
v -0.8928484 0.7865799 0.021690361
v -1.0990889 0.79505926 0.021023516
v -1.0832428 0.79479265 0.03737514
v -1.0598898 0.79439944 0.049054865
v -1.0315329 0.7939222 0.056062706
v -1.000674 0.7934026 0.05839865
v -0.96981514 0.79288334 0.056062706
v -0.9414583 0.7924058 0.04905487
v -0.9181057 0.7920128 0.037375137
v -0.90225893 0.79174614 0.02102351
v -1.1071846 0.80015445 0.020040777
v -1.0913712 0.7997753 0.03562805
v -1.0680665 0.7992163 0.04676181
v -1.0397683 0.7985377 0.053442083
v -1.0089731 0.79779917 0.05566883
v -0.97817785 0.79706055 0.053442072
v -0.9498795 0.79638165 0.04676182
v -0.9265751 0.7958228 0.035628047
v -0.9107614 0.79544353 0.020040773
v -1.1102729 0.8034676 0.018847456
v -1.0947921 0.8030009 0.033506595
v -1.071978 0.80231285 0.0439774
v -1.0442754 0.80147755 0.050259892
v -1.0141281 0.8005686 0.052354053
v -0.98398113 0.7996595 0.050259892
v -0.95627826 0.7988241 0.0439774
v -0.9334642 0.7981363 0.03350659
v -0.9179834 0.79766953 0.018847452
v -1.1085789 0.80489165 0.01754884
v -1.0936828 0.8043707 0.031197945
v -1.0717306 0.80360293 0.0409473
v -1.0450742 0.8026708 0.046796914
v -1.0160658 0.801656 0.04874678
v -0.9870573 0.80064154 0.04679691
v -0.96040094 0.79970926 0.040947296
v -0.93844867 0.7989415 0.031197943
v -0.9235525 0.79842055 0.017548837
v -1.1023293 0.80432034 0.016250227
v -1.0882219 0.803787 0.028889298
v -1.0674312 0.8030007 0.0379172
v -1.0421861 0.80204606 0.04333394
v -1.014713 0.8010072 0.04513952
v -0.9872402 0.7999682 0.04333394
v -0.96199477 0.79901356 0.037917197
v -0.9412045 0.7982274 0.028889291
v -0.92709684 0.79769397 0.016250223
v -1.0917498 0.801647 0.015056906
v -1.0785862 0.8011511 0.026767835
v -1.0591873 0.8004202 0.03513278
v -1.0356312 0.79953265 0.040151753
v -1.009997 0.79856676 0.041824743
v -0.9843624 0.7976009 0.04015175
v -0.9608064 0.7967134 0.03513278
v -0.94140744 0.79598254 0.026767835
v -0.9282438 0.79548645 0.015056903
v -1.0770662 0.79676497 0.014074172
v -1.0649543 0.7963649 0.025020754
v -1.0471048 0.7957753 0.03283973
v -1.0254307 0.7950594 0.037531126
v -1.0018439 0.79428005 0.039094925
v -0.97825724 0.793501 0.037531123
v -0.9565829 0.7927849 0.032839734
v -0.93873364 0.79219526 0.02502075
v -0.9266215 0.7917952 0.014074168
v -1.0585048 0.78956765 0.013407315
v -1.0475038 0.7893302 0.02383523
v -1.0312912 0.78898007 0.031283736
v -1.0116049 0.7885551 0.035752844
v -0.99018127 0.7880923 0.037242543
v -0.96875775 0.7876297 0.035752844
v -0.9490712 0.78720456 0.031283736
v -0.9328589 0.78685445 0.023835227
v -0.9218576 0.786617 0.013407311
v -1.0362915 0.7799485 0.013161631
v -1.0264124 0.77994865 0.02339846
v -1.0118532 0.77994865 0.030710476
v -0.9941744 0.7799486 0.03509769
v -0.97493565 0.7799486 0.03656009
v -0.95569694 0.7799486 0.035097685
v -0.9380182 0.7799486 0.030710476
v -0.92345905 0.7799486 0.023398457
v -0.9135797 0.7799486 0.0131616285
v -0 1.0236825 0
v -0.062430542 1.0209038 -0.010414934
v -0.063240826 1.0209038 0
v -0.060078777 1.020904 -0.020237003
v -0.05630407 1.0209037 -0.029347623
v -0.05122502 1.0209038 -0.03762822
v -0.044960216 1.020904 -0.044960216
v -0.03762822 1.0209038 -0.05122502
v -0.029347623 1.0209037 -0.05630407
v -0.020236999 1.0209038 -0.060078774
v -0.010414932 1.0209041 -0.062430546
v -0 1.0209038 -0.063240826
v -0.099067576 1.0131532 -0.01652663
v -0.10035339 1.0131532 0
v -0.0953356 1.0131532 -0.032112587
v -0.08934563 1.0131533 -0.046569668
v -0.08128588 1.0131533 -0.05970971
v -0.071344495 1.0131534 -0.0713445
v -0.059709698 1.0131532 -0.08128587
v -0.046569668 1.0131533 -0.08934563
v -0.032112584 1.0131532 -0.095335595
v -0.016526626 1.0131532 -0.099067576
v -0 1.0131532 -0.10035339
v -0.11491572 1.0013078 -0.019169763
v -0.11640731 1.0013078 0
v -0.11058653 1.0013078 -0.037248656
v -0.10363808 1.0013078 -0.054018326
v -0.09428867 1.0013077 -0.06926046
v -0.08275669 1.0013078 -0.08275668
v -0.069260456 1.0013076 -0.09428866
v -0.05401833 1.0013078 -0.10363807
v -0.03724865 1.0013077 -0.11058653
v -0.019169759 1.0013078 -0.114915736
v -0 1.0013078 -0.11640731
v -0.11497972 0.9862448 -0.019179007
v -0.11647232 0.98624504 0
v -0.110647716 0.98624504 -0.03726715
v -0.1036948 0.986245 -0.054045852
v -0.09433959 0.98624504 -0.06929655
v -0.082800634 0.9862451 -0.08280064
v -0.06929653 0.98624504 -0.09433959
v -0.054045852 0.986245 -0.10369479
v -0.037267145 0.986245 -0.110647716
v -0.019179001 0.986245 -0.11497975
v -0 0.98624504 -0.11647232
v -0.104264244 0.9688423 -0.017389033
v -0.10561804 0.9688423 0
v -0.100335196 0.9688423 -0.033789977
v -0.094029225 0.9688423 -0.049004406
v -0.08554476 0.96884245 -0.06283395
v -0.0750802 0.9688423 -0.0750802
v -0.06283395 0.9688423 -0.08554476
v -0.049004406 0.9688423 -0.09402922
v -0.033789966 0.9688423 -0.10033519
v -0.01738903 0.9688423 -0.104264274
v -0 0.9688423 -0.10561804
v -0.08777396 0.94997716 -0.014634516
v -0.088914126 0.9499773 0
v -0.08446506 0.9499774 -0.028439045
v -0.07915472 0.9499773 -0.041246235
v -0.07201034 0.94997746 -0.052888747
v -0.06319922 0.9499772 -0.06319922
v -0.052888744 0.9499773 -0.07201034
v -0.041246235 0.9499772 -0.079154715
v -0.028439043 0.9499773 -0.08446506
v -0.0146345105 0.9499773 -0.087773964
v -0 0.9499773 -0.088914126
v -0.070513576 0.93052715 -0.011750132
v -0.07143029 0.9305273 0
v -0.06785343 0.9305273 -0.022836292
v -0.063584745 0.93052727 -0.033123545
v -0.05784249 0.9305275 -0.04247695
v -0.05076157 0.9305274 -0.05076157
v -0.04247694 0.9305273 -0.057842482
v -0.033123545 0.9305273 -0.063584745
v -0.022836288 0.9305274 -0.06785343
v -0.011750129 0.9305274 -0.07051358
v -0 0.9305273 -0.07143029
v -0.057487752 0.91136986 -0.009570551
v -0.058236156 0.91136986 0
v -0.055316366 0.9113699 -0.018603623
v -0.051832654 0.91136986 -0.026988527
v -0.047147326 0.9113699 -0.034614574
v -0.04137107 0.91136986 -0.041371066
v -0.03461457 0.91136986 -0.047147326
v -0.026988527 0.9113699 -0.051832654
v -0.018603623 0.91136986 -0.055316366
v -0.009570548 0.9113699 -0.057487763
v -0 0.91136986 -0.058236156
v -0.053701192 0.8933824 -0.0089304475
v -0.054401413 0.8933824 0
v -0.05166997 0.89338225 -0.017362965
v -0.04841187 0.8933824 -0.02519342
v -0.044031035 0.8933824 -0.03231767
v -0.038631584 0.8933824 -0.038631584
v -0.03231767 0.89338225 -0.044031035
v -0.025193417 0.8933824 -0.048411876
v -0.017362965 0.8933824 -0.05166997
v -0.008930446 0.8933824 -0.053701196
v -0 0.8933824 -0.054401413
v -0.06415856 0.87744206 -0.010664496
v -0.06499571 0.8774421 0
v -0.061730336 0.8774422 -0.020736232
v -0.057835784 0.8774421 -0.030090416
v -0.05259973 0.8774422 -0.038602255
v -0.046146955 0.8774422 -0.046146955
v -0.03860225 0.87744206 -0.052599728
v -0.030090416 0.8774421 -0.057835784
v -0.020736232 0.8774421 -0.061730333
v -0.010664494 0.8774421 -0.064158574
v -0 0.8774421 -0.06499571
v 0.010414934 1.0209038 -0.062430542
v 0.020237003 1.020904 -0.060078777
v 0.029347623 1.0209037 -0.05630407
v 0.03762822 1.0209038 -0.05122502
v 0.044960216 1.020904 -0.044960216
v 0.05122502 1.0209038 -0.03762822
v 0.05630407 1.0209037 -0.029347623
v 0.060078774 1.0209038 -0.020236999
v 0.062430546 1.0209041 -0.010414932
v 0.063240826 1.0209038 0
v 0.01652663 1.0131532 -0.099067576
v 0.032112587 1.0131532 -0.0953356
v 0.046569668 1.0131533 -0.08934563
v 0.05970971 1.0131533 -0.08128588
v 0.0713445 1.0131534 -0.071344495
v 0.08128587 1.0131532 -0.059709698
v 0.08934563 1.0131533 -0.046569668
v 0.095335595 1.0131532 -0.032112584
v 0.099067576 1.0131532 -0.016526626
v 0.10035339 1.0131532 0
v 0.019169763 1.0013078 -0.11491572
v 0.037248656 1.0013078 -0.11058653
v 0.054018326 1.0013078 -0.10363808
v 0.06926046 1.0013077 -0.09428867
v 0.08275668 1.0013078 -0.08275669
v 0.09428866 1.0013076 -0.069260456
v 0.10363807 1.0013078 -0.05401833
v 0.11058653 1.0013077 -0.03724865
v 0.114915736 1.0013078 -0.019169759
v 0.11640731 1.0013078 0
v 0.019179007 0.9862448 -0.11497972
v 0.03726715 0.98624504 -0.110647716
v 0.054045852 0.986245 -0.1036948
v 0.06929655 0.98624504 -0.09433959
v 0.08280064 0.9862451 -0.082800634
v 0.09433959 0.98624504 -0.06929653
v 0.10369479 0.986245 -0.054045852
v 0.110647716 0.986245 -0.037267145
v 0.11497975 0.986245 -0.019179001
v 0.11647232 0.98624504 0
v 0.017389033 0.9688423 -0.104264244
v 0.033789977 0.9688423 -0.100335196
v 0.049004406 0.9688423 -0.094029225
v 0.06283395 0.96884245 -0.08554476
v 0.0750802 0.9688423 -0.0750802
v 0.08554476 0.9688423 -0.06283395
v 0.09402922 0.9688423 -0.049004406
v 0.10033519 0.9688423 -0.033789966
v 0.104264274 0.9688423 -0.01738903
v 0.10561804 0.9688423 0
v 0.014634516 0.94997716 -0.08777396
v 0.028439045 0.9499774 -0.08446506
v 0.041246235 0.9499773 -0.07915472
v 0.052888747 0.94997746 -0.07201034
v 0.06319922 0.9499772 -0.06319922
v 0.07201034 0.9499773 -0.052888744
v 0.079154715 0.9499772 -0.041246235
v 0.08446506 0.9499773 -0.028439043
v 0.087773964 0.9499773 -0.0146345105
v 0.088914126 0.9499773 0
v 0.011750132 0.93052715 -0.070513576
v 0.022836292 0.9305273 -0.06785343
v 0.033123545 0.93052727 -0.063584745
v 0.04247695 0.9305275 -0.05784249
v 0.05076157 0.9305274 -0.05076157
v 0.057842482 0.9305273 -0.04247694
v 0.063584745 0.9305273 -0.033123545
v 0.06785343 0.9305274 -0.022836288
v 0.07051358 0.9305274 -0.011750129
v 0.07143029 0.9305273 0
v 0.009570551 0.91136986 -0.057487752
v 0.018603623 0.9113699 -0.055316366
v 0.026988527 0.91136986 -0.051832654
v 0.034614574 0.9113699 -0.047147326
v 0.041371066 0.91136986 -0.04137107
v 0.047147326 0.91136986 -0.03461457
v 0.051832654 0.9113699 -0.026988527
v 0.055316366 0.91136986 -0.018603623
v 0.057487763 0.9113699 -0.009570548
v 0.058236156 0.91136986 0
v 0.0089304475 0.8933824 -0.053701192
v 0.017362965 0.89338225 -0.05166997
v 0.02519342 0.8933824 -0.04841187
v 0.03231767 0.8933824 -0.044031035
v 0.038631584 0.8933824 -0.038631584
v 0.044031035 0.89338225 -0.03231767
v 0.048411876 0.8933824 -0.025193417
v 0.05166997 0.8933824 -0.017362965
v 0.053701196 0.8933824 -0.008930446
v 0.054401413 0.8933824 0
v 0.010664496 0.87744206 -0.06415856
v 0.020736232 0.8774422 -0.061730336
v 0.030090416 0.8774421 -0.057835784
v 0.038602255 0.8774422 -0.05259973
v 0.046146955 0.8774422 -0.046146955
v 0.052599728 0.87744206 -0.03860225
v 0.057835784 0.8774421 -0.030090416
v 0.061730333 0.8774421 -0.020736232
v 0.064158574 0.8774421 -0.010664494
v 0.06499571 0.8774421 0
v 0.062430542 1.0209038 0.010414934
v 0.060078777 1.020904 0.020237003
v 0.05630407 1.0209037 0.029347623
v 0.05122502 1.0209038 0.03762822
v 0.044960216 1.020904 0.044960216
v 0.03762822 1.0209038 0.05122502
v 0.029347623 1.0209037 0.05630407
v 0.020236999 1.0209038 0.060078774
v 0.010414932 1.0209041 0.062430546
v -0 1.0209038 0.063240826
v 0.099067576 1.0131532 0.01652663
v 0.0953356 1.0131532 0.032112587
v 0.08934563 1.0131533 0.046569668
v 0.08128588 1.0131533 0.05970971
v 0.071344495 1.0131534 0.0713445
v 0.059709698 1.0131532 0.08128587
v 0.046569668 1.0131533 0.08934563
v 0.032112584 1.0131532 0.095335595
v 0.016526626 1.0131532 0.099067576
v -0 1.0131532 0.10035339
v 0.11491572 1.0013078 0.019169763
v 0.11058653 1.0013078 0.037248656
v 0.10363808 1.0013078 0.054018326
v 0.09428867 1.0013077 0.06926046
v 0.08275669 1.0013078 0.08275668
v 0.069260456 1.0013076 0.09428866
v 0.05401833 1.0013078 0.10363807
v 0.03724865 1.0013077 0.11058653
v 0.019169759 1.0013078 0.114915736
v -0 1.0013078 0.11640731
v 0.11497972 0.9862448 0.019179007
v 0.110647716 0.98624504 0.03726715
v 0.1036948 0.986245 0.054045852
v 0.09433959 0.98624504 0.06929655
v 0.082800634 0.9862451 0.08280064
v 0.06929653 0.98624504 0.09433959
v 0.054045852 0.986245 0.10369479
v 0.037267145 0.986245 0.110647716
v 0.019179001 0.986245 0.11497975
v -0 0.98624504 0.11647232
v 0.104264244 0.9688423 0.017389033
v 0.100335196 0.9688423 0.033789977
v 0.094029225 0.9688423 0.049004406
v 0.08554476 0.96884245 0.06283395
v 0.0750802 0.9688423 0.0750802
v 0.06283395 0.9688423 0.08554476
v 0.049004406 0.9688423 0.09402922
v 0.033789966 0.9688423 0.10033519
v 0.01738903 0.9688423 0.104264274
v -0 0.9688423 0.10561804
v 0.08777396 0.94997716 0.014634516
v 0.08446506 0.9499774 0.028439045
v 0.07915472 0.9499773 0.041246235
v 0.07201034 0.94997746 0.052888747
v 0.06319922 0.9499772 0.06319922
v 0.052888744 0.9499773 0.07201034
v 0.041246235 0.9499772 0.079154715
v 0.028439043 0.9499773 0.08446506
v 0.0146345105 0.9499773 0.087773964
v -0 0.9499773 0.088914126
v 0.070513576 0.93052715 0.011750132
v 0.06785343 0.9305273 0.022836292
v 0.063584745 0.93052727 0.033123545
v 0.05784249 0.9305275 0.04247695
v 0.05076157 0.9305274 0.05076157
v 0.04247694 0.9305273 0.057842482
v 0.033123545 0.9305273 0.063584745
v 0.022836288 0.9305274 0.06785343
v 0.011750129 0.9305274 0.07051358
v -0 0.9305273 0.07143029
v 0.057487752 0.91136986 0.009570551
v 0.055316366 0.9113699 0.018603623
v 0.051832654 0.91136986 0.026988527
v 0.047147326 0.9113699 0.034614574
v 0.04137107 0.91136986 0.041371066
v 0.03461457 0.91136986 0.047147326
v 0.026988527 0.9113699 0.051832654
v 0.018603623 0.91136986 0.055316366
v 0.009570548 0.9113699 0.057487763
v -0 0.91136986 0.058236156
v 0.053701192 0.8933824 0.0089304475
v 0.05166997 0.89338225 0.017362965
v 0.04841187 0.8933824 0.02519342
v 0.044031035 0.8933824 0.03231767
v 0.038631584 0.8933824 0.038631584
v 0.03231767 0.89338225 0.044031035
v 0.025193417 0.8933824 0.048411876
v 0.017362965 0.8933824 0.05166997
v 0.008930446 0.8933824 0.053701196
v -0 0.8933824 0.054401413
v 0.06415856 0.87744206 0.010664496
v 0.061730336 0.8774422 0.020736232
v 0.057835784 0.8774421 0.030090416
v 0.05259973 0.8774422 0.038602255
v 0.046146955 0.8774422 0.046146955
v 0.03860225 0.87744206 0.052599728
v 0.030090416 0.8774421 0.057835784
v 0.020736232 0.8774421 0.061730333
v 0.010664494 0.8774421 0.064158574
v -0 0.8774421 0.06499571
v -0.010414934 1.0209038 0.062430542
v -0.020237003 1.020904 0.060078777
v -0.029347623 1.0209037 0.05630407
v -0.03762822 1.0209038 0.05122502
v -0.044960216 1.020904 0.044960216
v -0.05122502 1.0209038 0.03762822
v -0.05630407 1.0209037 0.029347623
v -0.060078774 1.0209038 0.020236999
v -0.062430546 1.0209041 0.010414932
v -0.01652663 1.0131532 0.099067576
v -0.032112587 1.0131532 0.0953356
v -0.046569668 1.0131533 0.08934563
v -0.05970971 1.0131533 0.08128588
v -0.0713445 1.0131534 0.071344495
v -0.08128587 1.0131532 0.059709698
v -0.08934563 1.0131533 0.046569668
v -0.095335595 1.0131532 0.032112584
v -0.099067576 1.0131532 0.016526626
v -0.019169763 1.0013078 0.11491572
v -0.037248656 1.0013078 0.11058653
v -0.054018326 1.0013078 0.10363808
v -0.06926046 1.0013077 0.09428867
v -0.08275668 1.0013078 0.08275669
v -0.09428866 1.0013076 0.069260456
v -0.10363807 1.0013078 0.05401833
v -0.11058653 1.0013077 0.03724865
v -0.114915736 1.0013078 0.019169759
v -0.019179007 0.9862448 0.11497972
v -0.03726715 0.98624504 0.110647716
v -0.054045852 0.986245 0.1036948
v -0.06929655 0.98624504 0.09433959
v -0.08280064 0.9862451 0.082800634
v -0.09433959 0.98624504 0.06929653
v -0.10369479 0.986245 0.054045852
v -0.110647716 0.986245 0.037267145
v -0.11497975 0.986245 0.019179001
v -0.017389033 0.9688423 0.104264244
v -0.033789977 0.9688423 0.100335196
v -0.049004406 0.9688423 0.094029225
v -0.06283395 0.96884245 0.08554476
v -0.0750802 0.9688423 0.0750802
v -0.08554476 0.9688423 0.06283395
v -0.09402922 0.9688423 0.049004406
v -0.10033519 0.9688423 0.033789966
v -0.104264274 0.9688423 0.01738903
v -0.014634516 0.94997716 0.08777396
v -0.028439045 0.9499774 0.08446506
v -0.041246235 0.9499773 0.07915472
v -0.052888747 0.94997746 0.07201034
v -0.06319922 0.9499772 0.06319922
v -0.07201034 0.9499773 0.052888744
v -0.079154715 0.9499772 0.041246235
v -0.08446506 0.9499773 0.028439043
v -0.087773964 0.9499773 0.0146345105
v -0.011750132 0.93052715 0.070513576
v -0.022836292 0.9305273 0.06785343
v -0.033123545 0.93052727 0.063584745
v -0.04247695 0.9305275 0.05784249
v -0.05076157 0.9305274 0.05076157
v -0.057842482 0.9305273 0.04247694
v -0.063584745 0.9305273 0.033123545
v -0.06785343 0.9305274 0.022836288
v -0.07051358 0.9305274 0.011750129
v -0.009570551 0.91136986 0.057487752
v -0.018603623 0.9113699 0.055316366
v -0.026988527 0.91136986 0.051832654
v -0.034614574 0.9113699 0.047147326
v -0.041371066 0.91136986 0.04137107
v -0.047147326 0.91136986 0.03461457
v -0.051832654 0.9113699 0.026988527
v -0.055316366 0.91136986 0.018603623
v -0.057487763 0.9113699 0.009570548
v -0.0089304475 0.8933824 0.053701192
v -0.017362965 0.89338225 0.05166997
v -0.02519342 0.8933824 0.04841187
v -0.03231767 0.8933824 0.044031035
v -0.038631584 0.8933824 0.038631584
v -0.044031035 0.89338225 0.03231767
v -0.048411876 0.8933824 0.025193417
v -0.05166997 0.8933824 0.017362965
v -0.053701196 0.8933824 0.008930446
v -0.010664496 0.87744206 0.06415856
v -0.020736232 0.8774422 0.061730336
v -0.030090416 0.8774421 0.057835784
v -0.038602255 0.8774422 0.05259973
v -0.046146955 0.8774422 0.046146955
v -0.052599728 0.87744206 0.03860225
v -0.057835784 0.8774421 0.030090416
v -0.061730333 0.8774421 0.020736232
v -0.064158574 0.8774421 0.010664494
v -0.08962951 0.86418283 -0.0148983
v -0.090799 0.8641829 0
v -0.08623727 0.8641829 -0.028968515
v -0.08079659 0.86418295 -0.04203631
v -0.07348181 0.8641829 -0.053927343
v -0.06446729 0.8641829 -0.064467296
v -0.053927336 0.86418283 -0.07348181
v -0.04203631 0.86418295 -0.08079659
v -0.028968513 0.8641829 -0.08623726
v -0.0148982955 0.8641829 -0.089629516
v -0 0.8641829 -0.090799
v -0.12549414 0.85326374 -0.020859756
v -0.12713163 0.8532638 0
v -0.120744534 0.8532639 -0.040560074
v -0.1131268 0.8532639 -0.058856852
v -0.102885075 0.8532638 -0.07550602
v -0.09026345 0.85326374 -0.09026345
v -0.07550601 0.85326374 -0.102885075
v -0.058856852 0.85326374 -0.11312679
v -0.040560078 0.85326374 -0.120744534
v -0.020859752 0.8532638 -0.12549417
v -0 0.8532638 -0.12713163
v -0.16867286 0.8440992 -0.028036958
v -0.17087372 0.8440994 0
v -0.16228904 0.84409946 -0.054515556
v -0.15205027 0.8440992 -0.07910771
v -0.1382847 0.8440994 -0.10148534
v -0.12132035 0.84409946 -0.12132033
v -0.10148532 0.8440993 -0.13828468
v -0.0791077 0.8440992 -0.15205027
v -0.05451555 0.8440994 -0.16228902
v -0.028036952 0.8440993 -0.16867287
v -0 0.8440994 -0.17087372
v -0.21608603 0.8361048 -0.035918023
v -0.21890557 0.83610487 0
v -0.20790778 0.836105 -0.069839634
v -0.19479093 0.8361048 -0.101344526
v -0.1771559 0.836105 -0.13001241
v -0.15542296 0.83610487 -0.15542296
v -0.1300124 0.836105 -0.1771559
v -0.10134452 0.83610487 -0.19479093
v -0.069839634 0.836105 -0.20790778
v -0.035918016 0.836105 -0.21608607
v -0 0.83610487 -0.21890557
v -0.26465407 0.8286953 -0.043991044
v -0.26810732 0.8286953 0
v -0.2546376 0.82869524 -0.085536964
v -0.23857261 0.8286953 -0.124122955
v -0.21697389 0.8286954 -0.1592343
v -0.19035618 0.82869524 -0.19035618
v -0.15923427 0.8286954 -0.21697387
v -0.12412296 0.8286953 -0.23857258
v -0.08553695 0.8286953 -0.25463757
v -0.043991037 0.8286953 -0.2646541
v -0 0.8286953 -0.26810732
v -0.31129733 0.8212857 -0.05174414
v -0.31535918 0.8212859 0
v -0.29951558 0.8212859 -0.10061221
v -0.28061923 0.8212858 -0.1459987
v -0.2552139 0.8212858 -0.18729815
v -0.22390503 0.8212858 -0.22390503
v -0.18729813 0.8212858 -0.2552139
v -0.14599869 0.8212857 -0.28061923
v -0.1006122 0.8212858 -0.29951558
v -0.051744122 0.8212858 -0.31129736
v -0 0.8212859 -0.31535918
v -0.35293624 0.8132912 -0.05866539
v -0.35754138 0.8132913 0
v -0.3395785 0.81329143 -0.114070006
v -0.31815463 0.81329125 -0.16552736
v -0.28935114 0.81329143 -0.21235101
v -0.2538544 0.8132913 -0.2538544
v -0.21235096 0.81329125 -0.28935114
v -0.16552739 0.81329143 -0.3181546
v -0.11407 0.8132913 -0.3395785
v -0.058665372 0.81329143 -0.35293627
v -0 0.8132913 -0.35754138
v -0.38649118 0.80412686 -0.06424293
v -0.39153418 0.804127 0
v -0.3718635 0.804127 -0.12491507
v -0.34840274 0.80412704 -0.18126465
v -0.31686077 0.80412704 -0.23254
v -0.27798924 0.804127 -0.27798924
v -0.23253997 0.804127 -0.31686077
v -0.18126465 0.804127 -0.34840274
v -0.12491506 0.804127 -0.3718635
v -0.06424291 0.804127 -0.38649124
v -0 0.804127 -0.39153418
v -0.4088825 0.79320765 -0.06796483
v -0.41421768 0.7932077 0
v -0.39340743 0.7932077 -0.132152
v -0.36858746 0.7932077 -0.19176622
v -0.33521813 0.7932078 -0.24601217
v -0.29409453 0.79320765 -0.29409453
v -0.24601214 0.7932077 -0.3352181
v -0.19176622 0.7932077 -0.36858743
v -0.132152 0.79320765 -0.3934074
v -0.067964815 0.7932077 -0.4088826
v -0 0.7932077 -0.41421768
v -0.41703063 0.7799485 -0.069319226
v -0.42247212 0.7799486 0
v -0.40124714 0.77994865 -0.1347855
v -0.37593254 0.77994865 -0.1955877
v -0.34189823 0.7799486 -0.25091466
v -0.2999552 0.7799486 -0.2999552
v -0.25091463 0.7799486 -0.34189823
v -0.1955877 0.7799486 -0.37593257
v -0.13478549 0.7799486 -0.40124714
v -0.0693192 0.7799486 -0.41703066
v -0 0.7799486 -0.42247212
v 0.0148983 0.86418283 -0.08962951
v 0.028968515 0.8641829 -0.08623727
v 0.04203631 0.86418295 -0.08079659
v 0.053927343 0.8641829 -0.07348181
v 0.064467296 0.8641829 -0.06446729
v 0.07348181 0.86418283 -0.053927336
v 0.08079659 0.86418295 -0.04203631
v 0.08623726 0.8641829 -0.028968513
v 0.089629516 0.8641829 -0.0148982955
v 0.090799 0.8641829 0
v 0.020859756 0.85326374 -0.12549414
v 0.040560074 0.8532639 -0.120744534
v 0.058856852 0.8532639 -0.1131268
v 0.07550602 0.8532638 -0.102885075
v 0.09026345 0.85326374 -0.09026345
v 0.102885075 0.85326374 -0.07550601
v 0.11312679 0.85326374 -0.058856852
v 0.120744534 0.85326374 -0.040560078
v 0.12549417 0.8532638 -0.020859752
v 0.12713163 0.8532638 0
v 0.028036958 0.8440992 -0.16867286
v 0.054515556 0.84409946 -0.16228904
v 0.07910771 0.8440992 -0.15205027
v 0.10148534 0.8440994 -0.1382847
v 0.12132033 0.84409946 -0.12132035
v 0.13828468 0.8440993 -0.10148532
v 0.15205027 0.8440992 -0.0791077
v 0.16228902 0.8440994 -0.05451555
v 0.16867287 0.8440993 -0.028036952
v 0.17087372 0.8440994 0
v 0.035918023 0.8361048 -0.21608603
v 0.069839634 0.836105 -0.20790778
v 0.101344526 0.8361048 -0.19479093
v 0.13001241 0.836105 -0.1771559
v 0.15542296 0.83610487 -0.15542296
v 0.1771559 0.836105 -0.1300124
v 0.19479093 0.83610487 -0.10134452
v 0.20790778 0.836105 -0.069839634
v 0.21608607 0.836105 -0.035918016
v 0.21890557 0.83610487 0
v 0.043991044 0.8286953 -0.26465407
v 0.085536964 0.82869524 -0.2546376
v 0.124122955 0.8286953 -0.23857261
v 0.1592343 0.8286954 -0.21697389
v 0.19035618 0.82869524 -0.19035618
v 0.21697387 0.8286954 -0.15923427
v 0.23857258 0.8286953 -0.12412296
v 0.25463757 0.8286953 -0.08553695
v 0.2646541 0.8286953 -0.043991037
v 0.26810732 0.8286953 0
v 0.05174414 0.8212857 -0.31129733
v 0.10061221 0.8212859 -0.29951558
v 0.1459987 0.8212858 -0.28061923
v 0.18729815 0.8212858 -0.2552139
v 0.22390503 0.8212858 -0.22390503
v 0.2552139 0.8212858 -0.18729813
v 0.28061923 0.8212857 -0.14599869
v 0.29951558 0.8212858 -0.1006122
v 0.31129736 0.8212858 -0.051744122
v 0.31535918 0.8212859 0
v 0.05866539 0.8132912 -0.35293624
v 0.114070006 0.81329143 -0.3395785
v 0.16552736 0.81329125 -0.31815463
v 0.21235101 0.81329143 -0.28935114
v 0.2538544 0.8132913 -0.2538544
v 0.28935114 0.81329125 -0.21235096
v 0.3181546 0.81329143 -0.16552739
v 0.3395785 0.8132913 -0.11407
v 0.35293627 0.81329143 -0.058665372
v 0.35754138 0.8132913 0
v 0.06424293 0.80412686 -0.38649118
v 0.12491507 0.804127 -0.3718635
v 0.18126465 0.80412704 -0.34840274
v 0.23254 0.80412704 -0.31686077
v 0.27798924 0.804127 -0.27798924
v 0.31686077 0.804127 -0.23253997
v 0.34840274 0.804127 -0.18126465
v 0.3718635 0.804127 -0.12491506
v 0.38649124 0.804127 -0.06424291
v 0.39153418 0.804127 0
v 0.06796483 0.79320765 -0.4088825
v 0.132152 0.7932077 -0.39340743
v 0.19176622 0.7932077 -0.36858746
v 0.24601217 0.7932078 -0.33521813
v 0.29409453 0.79320765 -0.29409453
v 0.3352181 0.7932077 -0.24601214
v 0.36858743 0.7932077 -0.19176622
v 0.3934074 0.79320765 -0.132152
v 0.4088826 0.7932077 -0.067964815
v 0.41421768 0.7932077 0
v 0.069319226 0.7799485 -0.41703063
v 0.1347855 0.77994865 -0.40124714
v 0.1955877 0.77994865 -0.37593254
v 0.25091466 0.7799486 -0.34189823
v 0.2999552 0.7799486 -0.2999552
v 0.34189823 0.7799486 -0.25091463
v 0.37593257 0.7799486 -0.1955877
v 0.40124714 0.7799486 -0.13478549
v 0.41703066 0.7799486 -0.0693192
v 0.42247212 0.7799486 0
v 0.08962951 0.86418283 0.0148983
v 0.08623727 0.8641829 0.028968515
v 0.08079659 0.86418295 0.04203631
v 0.07348181 0.8641829 0.053927343
v 0.06446729 0.8641829 0.064467296
v 0.053927336 0.86418283 0.07348181
v 0.04203631 0.86418295 0.08079659
v 0.028968513 0.8641829 0.08623726
v 0.0148982955 0.8641829 0.089629516
v -0 0.8641829 0.090799
v 0.12549414 0.85326374 0.020859756
v 0.120744534 0.8532639 0.040560074
v 0.1131268 0.8532639 0.058856852
v 0.102885075 0.8532638 0.07550602
v 0.09026345 0.85326374 0.09026345
v 0.07550601 0.85326374 0.102885075
v 0.058856852 0.85326374 0.11312679
v 0.040560078 0.85326374 0.120744534
v 0.020859752 0.8532638 0.12549417
v -0 0.8532638 0.12713163
v 0.16867286 0.8440992 0.028036958
v 0.16228904 0.84409946 0.054515556
v 0.15205027 0.8440992 0.07910771
v 0.1382847 0.8440994 0.10148534
v 0.12132035 0.84409946 0.12132033
v 0.10148532 0.8440993 0.13828468
v 0.0791077 0.8440992 0.15205027
v 0.05451555 0.8440994 0.16228902
v 0.028036952 0.8440993 0.16867287
v -0 0.8440994 0.17087372
v 0.21608603 0.8361048 0.035918023
v 0.20790778 0.836105 0.069839634
v 0.19479093 0.8361048 0.101344526
v 0.1771559 0.836105 0.13001241
v 0.15542296 0.83610487 0.15542296
v 0.1300124 0.836105 0.1771559
v 0.10134452 0.83610487 0.19479093
v 0.069839634 0.836105 0.20790778
v 0.035918016 0.836105 0.21608607
v -0 0.83610487 0.21890557
v 0.26465407 0.8286953 0.043991044
v 0.2546376 0.82869524 0.085536964
v 0.23857261 0.8286953 0.124122955
v 0.21697389 0.8286954 0.1592343
v 0.19035618 0.82869524 0.19035618
v 0.15923427 0.8286954 0.21697387
v 0.12412296 0.8286953 0.23857258
v 0.08553695 0.8286953 0.25463757
v 0.043991037 0.8286953 0.2646541
v -0 0.8286953 0.26810732
v 0.31129733 0.8212857 0.05174414
v 0.29951558 0.8212859 0.10061221
v 0.28061923 0.8212858 0.1459987
v 0.2552139 0.8212858 0.18729815
v 0.22390503 0.8212858 0.22390503
v 0.18729813 0.8212858 0.2552139
v 0.14599869 0.8212857 0.28061923
v 0.1006122 0.8212858 0.29951558
v 0.051744122 0.8212858 0.31129736
v -0 0.8212859 0.31535918
v 0.35293624 0.8132912 0.05866539
v 0.3395785 0.81329143 0.114070006
v 0.31815463 0.81329125 0.16552736
v 0.28935114 0.81329143 0.21235101
v 0.2538544 0.8132913 0.2538544
v 0.21235096 0.81329125 0.28935114
v 0.16552739 0.81329143 0.3181546
v 0.11407 0.8132913 0.3395785
v 0.058665372 0.81329143 0.35293627
v -0 0.8132913 0.35754138
v 0.38649118 0.80412686 0.06424293
v 0.3718635 0.804127 0.12491507
v 0.34840274 0.80412704 0.18126465
v 0.31686077 0.80412704 0.23254
v 0.27798924 0.804127 0.27798924
v 0.23253997 0.804127 0.31686077
v 0.18126465 0.804127 0.34840274
v 0.12491506 0.804127 0.3718635
v 0.06424291 0.804127 0.38649124
v -0 0.804127 0.39153418
v 0.4088825 0.79320765 0.06796483
v 0.39340743 0.7932077 0.132152
v 0.36858746 0.7932077 0.19176622
v 0.33521813 0.7932078 0.24601217
v 0.29409453 0.79320765 0.29409453
v 0.24601214 0.7932077 0.3352181
v 0.19176622 0.7932077 0.36858743
v 0.132152 0.79320765 0.3934074
v 0.067964815 0.7932077 0.4088826
v -0 0.7932077 0.41421768
v 0.41703063 0.7799485 0.069319226
v 0.40124714 0.77994865 0.1347855
v 0.37593254 0.77994865 0.1955877
v 0.34189823 0.7799486 0.25091466
v 0.2999552 0.7799486 0.2999552
v 0.25091463 0.7799486 0.34189823
v 0.1955877 0.7799486 0.37593257
v 0.13478549 0.7799486 0.40124714
v 0.0693192 0.7799486 0.41703066
v -0 0.7799486 0.42247212
v -0.0148983 0.86418283 0.08962951
v -0.028968515 0.8641829 0.08623727
v -0.04203631 0.86418295 0.08079659
v -0.053927343 0.8641829 0.07348181
v -0.064467296 0.8641829 0.06446729
v -0.07348181 0.86418283 0.053927336
v -0.08079659 0.86418295 0.04203631
v -0.08623726 0.8641829 0.028968513
v -0.089629516 0.8641829 0.0148982955
v -0.020859756 0.85326374 0.12549414
v -0.040560074 0.8532639 0.120744534
v -0.058856852 0.8532639 0.1131268
v -0.07550602 0.8532638 0.102885075
v -0.09026345 0.85326374 0.09026345
v -0.102885075 0.85326374 0.07550601
v -0.11312679 0.85326374 0.058856852
v -0.120744534 0.85326374 0.040560078
v -0.12549417 0.8532638 0.020859752
v -0.028036958 0.8440992 0.16867286
v -0.054515556 0.84409946 0.16228904
v -0.07910771 0.8440992 0.15205027
v -0.10148534 0.8440994 0.1382847
v -0.12132033 0.84409946 0.12132035
v -0.13828468 0.8440993 0.10148532
v -0.15205027 0.8440992 0.0791077
v -0.16228902 0.8440994 0.05451555
v -0.16867287 0.8440993 0.028036952
v -0.035918023 0.8361048 0.21608603
v -0.069839634 0.836105 0.20790778
v -0.101344526 0.8361048 0.19479093
v -0.13001241 0.836105 0.1771559
v -0.15542296 0.83610487 0.15542296
v -0.1771559 0.836105 0.1300124
v -0.19479093 0.83610487 0.10134452
v -0.20790778 0.836105 0.069839634
v -0.21608607 0.836105 0.035918016
v -0.043991044 0.8286953 0.26465407
v -0.085536964 0.82869524 0.2546376
v -0.124122955 0.8286953 0.23857261
v -0.1592343 0.8286954 0.21697389
v -0.19035618 0.82869524 0.19035618
v -0.21697387 0.8286954 0.15923427
v -0.23857258 0.8286953 0.12412296
v -0.25463757 0.8286953 0.08553695
v -0.2646541 0.8286953 0.043991037
v -0.05174414 0.8212857 0.31129733
v -0.10061221 0.8212859 0.29951558
v -0.1459987 0.8212858 0.28061923
v -0.18729815 0.8212858 0.2552139
v -0.22390503 0.8212858 0.22390503
v -0.2552139 0.8212858 0.18729813
v -0.28061923 0.8212857 0.14599869
v -0.29951558 0.8212858 0.1006122
v -0.31129736 0.8212858 0.051744122
v -0.05866539 0.8132912 0.35293624
v -0.114070006 0.81329143 0.3395785
v -0.16552736 0.81329125 0.31815463
v -0.21235101 0.81329143 0.28935114
v -0.2538544 0.8132913 0.2538544
v -0.28935114 0.81329125 0.21235096
v -0.3181546 0.81329143 0.16552739
v -0.3395785 0.8132913 0.11407
v -0.35293627 0.81329143 0.058665372
v -0.06424293 0.80412686 0.38649118
v -0.12491507 0.804127 0.3718635
v -0.18126465 0.80412704 0.34840274
v -0.23254 0.80412704 0.31686077
v -0.27798924 0.804127 0.27798924
v -0.31686077 0.804127 0.23253997
v -0.34840274 0.804127 0.18126465
v -0.3718635 0.804127 0.12491506
v -0.38649124 0.804127 0.06424291
v -0.06796483 0.79320765 0.4088825
v -0.132152 0.7932077 0.39340743
v -0.19176622 0.7932077 0.36858746
v -0.24601217 0.7932078 0.33521813
v -0.29409453 0.79320765 0.29409453
v -0.3352181 0.7932077 0.24601214
v -0.36858743 0.7932077 0.19176622
v -0.3934074 0.79320765 0.132152
v -0.4088826 0.7932077 0.067964815
v -0.069319226 0.7799485 0.41703063
v -0.1347855 0.77994865 0.40124714
v -0.1955877 0.77994865 0.37593254
v -0.25091466 0.7799486 0.34189823
v -0.2999552 0.7799486 0.2999552
v -0.34189823 0.7799486 0.25091463
v -0.37593257 0.7799486 0.1955877
v -0.40124714 0.7799486 0.13478549
v -0.41703066 0.7799486 0.0693192
v -0 0 0
v -0.12455582 0.0007068283 0.020703785
v -0.12618104 0.0007068284 0
v -0.11984172 0.00070682843 0.040256802
v -0.11228092 0.0007068283 0.05841678
v -0.10211578 0.00070682843 0.074941434
v -0.08958853 0.00070682843 0.08958853
v -0.074941434 0.0007068284 0.10211578
v -0.05841678 0.0007068284 0.112280935
v -0.0402568 0.00070682843 0.1198417
v -0.02070378 0.00070682843 0.12455584
v -0 0.0007068284 0.12618104
v -0.2255815 0.0027298199 0.037496373
v -0.22852494 0.00272982 0
v -0.21704383 0.0027298203 0.072908595
v -0.2033506 0.00272982 0.1057979
v -0.18494065 0.00272982 0.13572554
v -0.16225271 0.00272982 0.1622527
v -0.13572551 0.00272982 0.18494068
v -0.10579791 0.00272982 0.20335059
v -0.07290859 0.0027298203 0.21704383
v -0.037496362 0.00272982 0.22558151
v -0 0.00272982 0.22852494
v -0.3055311 0.0059227347 0.050785664
v -0.30951768 0.005922735 0
v -0.29396755 0.005922735 0.09874854
v -0.27542126 0.0059227347 0.1432943
v -0.2504865 0.005922735 0.18382874
v -0.21975756 0.005922735 0.21975759
v -0.18382873 0.0059227347 0.25048646
v -0.1432943 0.0059227347 0.27542123
v -0.09874853 0.005922735 0.29396752
v -0.050785642 0.005922735 0.30553114
v -0 0.005922735 0.30951768
v -0.36685863 0.01013933 0.060979586
v -0.37164548 0.010139332 0
v -0.352974 0.010139333 0.11856979
v -0.33070505 0.010139333 0.17205699
v -0.30076525 0.010139333 0.2207277
v -0.2638683 0.010139332 0.2638683
v -0.22072762 0.010139331 0.30076528
v -0.17205699 0.010139333 0.33070502
v -0.11856978 0.010139332 0.35297406
v -0.06097957 0.010139332 0.36685866
v -0 0.010139332 0.37164548
v -0.4120183 0.015233368 0.06848607
v -0.4173943 0.01523337 0
v -0.39642447 0.015233371 0.1331655
v -0.37141418 0.01523337 0.1932369
v -0.3377889 0.015233372 0.24789889
v -0.29634997 0.015233371 0.29634997
v -0.24789879 0.01523337 0.3377889
v -0.19323689 0.015233371 0.37141415
v -0.13316548 0.01523337 0.3964244
v -0.06848604 0.015233371 0.4120183
v -0 0.01523337 0.4173943
v -0.443464 0.021058612 0.073713
v -0.44925034 0.021058613 0
v -0.42668006 0.021058612 0.14332883
v -0.39976093 0.021058613 0.20798494
v -0.36356932 0.021058613 0.2668188
v -0.31896773 0.021058612 0.31896773
v -0.26681873 0.021058613 0.3635693
v -0.20798495 0.021058613 0.39976093
v -0.14332883 0.021058613 0.42668003
v -0.073712975 0.021058613 0.44346407
v -0 0.021058613 0.44925034
v -0.46364987 0.027468814 0.077068314
v -0.46969965 0.027468814 0
v -0.44610196 0.027468814 0.14985298
v -0.41795754 0.027468817 0.21745215
v -0.38011852 0.027468814 0.278964
v -0.33348674 0.027468814 0.33348674
v -0.27896398 0.027468814 0.38011852
v -0.21745215 0.027468812 0.41795748
v -0.14985296 0.027468814 0.44610193
v -0.077068284 0.027468814 0.46364993
v -0 0.027468814 0.46969965
v -0.47502998 0.034317736 0.07895993
v -0.48122823 0.03431774 0
v -0.4570514 0.03431774 0.15353107
v -0.42821616 0.03431774 0.22278944
v -0.38944846 0.034317743 0.2858111
v -0.34167206 0.03431774 0.34167203
v -0.28581107 0.03431774 0.38944843
v -0.2227894 0.03431774 0.42821616
v -0.15353104 0.03431774 0.45705134
v -0.078959905 0.03431774 0.47503006
v -0 0.03431774 0.48122823
v -0.48005843 0.041459143 0.079795755
v -0.48632228 0.041459143 0
v -0.46188948 0.041459147 0.15515627
v -0.432749 0.041459147 0.22514777
v -0.39357096 0.041459147 0.28883657
v -0.34528884 0.041459143 0.34528884
v -0.28883654 0.041459143 0.3935709
v -0.22514777 0.041459143 0.43274903
v -0.15515625 0.041459143 0.46188945
v -0.07979574 0.041459147 0.4800585
v -0 0.041459143 0.48632228
v 0.020703785 0.0007068283 0.12455582
v 0.040256802 0.00070682843 0.11984172
v 0.05841678 0.0007068283 0.11228092
v 0.074941434 0.00070682843 0.10211578
v 0.08958853 0.00070682843 0.08958853
v 0.10211578 0.0007068284 0.074941434
v 0.112280935 0.0007068284 0.05841678
v 0.1198417 0.00070682843 0.0402568
v 0.12455584 0.00070682843 0.02070378
v 0.12618104 0.0007068284 0
v 0.037496373 0.0027298199 0.2255815
v 0.072908595 0.0027298203 0.21704383
v 0.1057979 0.00272982 0.2033506
v 0.13572554 0.00272982 0.18494065
v 0.1622527 0.00272982 0.16225271
v 0.18494068 0.00272982 0.13572551
v 0.20335059 0.00272982 0.10579791
v 0.21704383 0.0027298203 0.07290859
v 0.22558151 0.00272982 0.037496362
v 0.22852494 0.00272982 0
v 0.050785664 0.0059227347 0.3055311
v 0.09874854 0.005922735 0.29396755
v 0.1432943 0.0059227347 0.27542126
v 0.18382874 0.005922735 0.2504865
v 0.21975759 0.005922735 0.21975756
v 0.25048646 0.0059227347 0.18382873
v 0.27542123 0.0059227347 0.1432943
v 0.29396752 0.005922735 0.09874853
v 0.30553114 0.005922735 0.050785642
v 0.30951768 0.005922735 0
v 0.060979586 0.01013933 0.36685863
v 0.11856979 0.010139333 0.352974
v 0.17205699 0.010139333 0.33070505
v 0.2207277 0.010139333 0.30076525
v 0.2638683 0.010139332 0.2638683
v 0.30076528 0.010139331 0.22072762
v 0.33070502 0.010139333 0.17205699
v 0.35297406 0.010139332 0.11856978
v 0.36685866 0.010139332 0.06097957
v 0.37164548 0.010139332 0
v 0.06848607 0.015233368 0.4120183
v 0.1331655 0.015233371 0.39642447
v 0.1932369 0.01523337 0.37141418
v 0.24789889 0.015233372 0.3377889
v 0.29634997 0.015233371 0.29634997
v 0.3377889 0.01523337 0.24789879
v 0.37141415 0.015233371 0.19323689
v 0.3964244 0.01523337 0.13316548
v 0.4120183 0.015233371 0.06848604
v 0.4173943 0.01523337 0
v 0.073713 0.021058612 0.443464
v 0.14332883 0.021058612 0.42668006
v 0.20798494 0.021058613 0.39976093
v 0.2668188 0.021058613 0.36356932
v 0.31896773 0.021058612 0.31896773
v 0.3635693 0.021058613 0.26681873
v 0.39976093 0.021058613 0.20798495
v 0.42668003 0.021058613 0.14332883
v 0.44346407 0.021058613 0.073712975
v 0.44925034 0.021058613 0
v 0.077068314 0.027468814 0.46364987
v 0.14985298 0.027468814 0.44610196
v 0.21745215 0.027468817 0.41795754
v 0.278964 0.027468814 0.38011852
v 0.33348674 0.027468814 0.33348674
v 0.38011852 0.027468814 0.27896398
v 0.41795748 0.027468812 0.21745215
v 0.44610193 0.027468814 0.14985296
v 0.46364993 0.027468814 0.077068284
v 0.46969965 0.027468814 0
v 0.07895993 0.034317736 0.47502998
v 0.15353107 0.03431774 0.4570514
v 0.22278944 0.03431774 0.42821616
v 0.2858111 0.034317743 0.38944846
v 0.34167203 0.03431774 0.34167206
v 0.38944843 0.03431774 0.28581107
v 0.42821616 0.03431774 0.2227894
v 0.45705134 0.03431774 0.15353104
v 0.47503006 0.03431774 0.078959905
v 0.48122823 0.03431774 0
v 0.079795755 0.041459143 0.48005843
v 0.15515627 0.041459147 0.46188948
v 0.22514777 0.041459147 0.432749
v 0.28883657 0.041459147 0.39357096
v 0.34528884 0.041459143 0.34528884
v 0.3935709 0.041459143 0.28883654
v 0.43274903 0.041459143 0.22514777
v 0.46188945 0.041459143 0.15515625
v 0.4800585 0.041459147 0.07979574
v 0.48632228 0.041459143 0
v 0.12455582 0.0007068283 -0.020703785
v 0.11984172 0.00070682843 -0.040256802
v 0.11228092 0.0007068283 -0.05841678
v 0.10211578 0.00070682843 -0.074941434
v 0.08958853 0.00070682843 -0.08958853
v 0.074941434 0.0007068284 -0.10211578
v 0.05841678 0.0007068284 -0.112280935
v 0.0402568 0.00070682843 -0.1198417
v 0.02070378 0.00070682843 -0.12455584
v -0 0.0007068284 -0.12618104
v 0.2255815 0.0027298199 -0.037496373
v 0.21704383 0.0027298203 -0.072908595
v 0.2033506 0.00272982 -0.1057979
v 0.18494065 0.00272982 -0.13572554
v 0.16225271 0.00272982 -0.1622527
v 0.13572551 0.00272982 -0.18494068
v 0.10579791 0.00272982 -0.20335059
v 0.07290859 0.0027298203 -0.21704383
v 0.037496362 0.00272982 -0.22558151
v -0 0.00272982 -0.22852494
v 0.3055311 0.0059227347 -0.050785664
v 0.29396755 0.005922735 -0.09874854
v 0.27542126 0.0059227347 -0.1432943
v 0.2504865 0.005922735 -0.18382874
v 0.21975756 0.005922735 -0.21975759
v 0.18382873 0.0059227347 -0.25048646
v 0.1432943 0.0059227347 -0.27542123
v 0.09874853 0.005922735 -0.29396752
v 0.050785642 0.005922735 -0.30553114
v -0 0.005922735 -0.30951768
v 0.36685863 0.01013933 -0.060979586
v 0.352974 0.010139333 -0.11856979
v 0.33070505 0.010139333 -0.17205699
v 0.30076525 0.010139333 -0.2207277
v 0.2638683 0.010139332 -0.2638683
v 0.22072762 0.010139331 -0.30076528
v 0.17205699 0.010139333 -0.33070502
v 0.11856978 0.010139332 -0.35297406
v 0.06097957 0.010139332 -0.36685866
v -0 0.010139332 -0.37164548
v 0.4120183 0.015233368 -0.06848607
v 0.39642447 0.015233371 -0.1331655
v 0.37141418 0.01523337 -0.1932369
v 0.3377889 0.015233372 -0.24789889
v 0.29634997 0.015233371 -0.29634997
v 0.24789879 0.01523337 -0.3377889
v 0.19323689 0.015233371 -0.37141415
v 0.13316548 0.01523337 -0.3964244
v 0.06848604 0.015233371 -0.4120183
v -0 0.01523337 -0.4173943
v 0.443464 0.021058612 -0.073713
v 0.42668006 0.021058612 -0.14332883
v 0.39976093 0.021058613 -0.20798494
v 0.36356932 0.021058613 -0.2668188
v 0.31896773 0.021058612 -0.31896773
v 0.26681873 0.021058613 -0.3635693
v 0.20798495 0.021058613 -0.39976093
v 0.14332883 0.021058613 -0.42668003
v 0.073712975 0.021058613 -0.44346407
v -0 0.021058613 -0.44925034
v 0.46364987 0.027468814 -0.077068314
v 0.44610196 0.027468814 -0.14985298
v 0.41795754 0.027468817 -0.21745215
v 0.38011852 0.027468814 -0.278964
v 0.33348674 0.027468814 -0.33348674
v 0.27896398 0.027468814 -0.38011852
v 0.21745215 0.027468812 -0.41795748
v 0.14985296 0.027468814 -0.44610193
v 0.077068284 0.027468814 -0.46364993
v -0 0.027468814 -0.46969965
v 0.47502998 0.034317736 -0.07895993
v 0.4570514 0.03431774 -0.15353107
v 0.42821616 0.03431774 -0.22278944
v 0.38944846 0.034317743 -0.2858111
v 0.34167206 0.03431774 -0.34167203
v 0.28581107 0.03431774 -0.38944843
v 0.2227894 0.03431774 -0.42821616
v 0.15353104 0.03431774 -0.45705134
v 0.078959905 0.03431774 -0.47503006
v -0 0.03431774 -0.48122823
v 0.48005843 0.041459143 -0.079795755
v 0.46188948 0.041459147 -0.15515627
v 0.432749 0.041459147 -0.22514777
v 0.39357096 0.041459147 -0.28883657
v 0.34528884 0.041459143 -0.34528884
v 0.28883654 0.041459143 -0.3935709
v 0.22514777 0.041459143 -0.43274903
v 0.15515625 0.041459143 -0.46188945
v 0.07979574 0.041459147 -0.4800585
v -0 0.041459143 -0.48632228
v -0.020703785 0.0007068283 -0.12455582
v -0.040256802 0.00070682843 -0.11984172
v -0.05841678 0.0007068283 -0.11228092
v -0.074941434 0.00070682843 -0.10211578
v -0.08958853 0.00070682843 -0.08958853
v -0.10211578 0.0007068284 -0.074941434
v -0.112280935 0.0007068284 -0.05841678
v -0.1198417 0.00070682843 -0.0402568
v -0.12455584 0.00070682843 -0.02070378
v -0.037496373 0.0027298199 -0.2255815
v -0.072908595 0.0027298203 -0.21704383
v -0.1057979 0.00272982 -0.2033506
v -0.13572554 0.00272982 -0.18494065
v -0.1622527 0.00272982 -0.16225271
v -0.18494068 0.00272982 -0.13572551
v -0.20335059 0.00272982 -0.10579791
v -0.21704383 0.0027298203 -0.07290859
v -0.22558151 0.00272982 -0.037496362
v -0.050785664 0.0059227347 -0.3055311
v -0.09874854 0.005922735 -0.29396755
v -0.1432943 0.0059227347 -0.27542126
v -0.18382874 0.005922735 -0.2504865
v -0.21975759 0.005922735 -0.21975756
v -0.25048646 0.0059227347 -0.18382873
v -0.27542123 0.0059227347 -0.1432943
v -0.29396752 0.005922735 -0.09874853
v -0.30553114 0.005922735 -0.050785642
v -0.060979586 0.01013933 -0.36685863
v -0.11856979 0.010139333 -0.352974
v -0.17205699 0.010139333 -0.33070505
v -0.2207277 0.010139333 -0.30076525
v -0.2638683 0.010139332 -0.2638683
v -0.30076528 0.010139331 -0.22072762
v -0.33070502 0.010139333 -0.17205699
v -0.35297406 0.010139332 -0.11856978
v -0.36685866 0.010139332 -0.06097957
v -0.06848607 0.015233368 -0.4120183
v -0.1331655 0.015233371 -0.39642447
v -0.1932369 0.01523337 -0.37141418
v -0.24789889 0.015233372 -0.3377889
v -0.29634997 0.015233371 -0.29634997
v -0.3377889 0.01523337 -0.24789879
v -0.37141415 0.015233371 -0.19323689
v -0.3964244 0.01523337 -0.13316548
v -0.4120183 0.015233371 -0.06848604
v -0.073713 0.021058612 -0.443464
v -0.14332883 0.021058612 -0.42668006
v -0.20798494 0.021058613 -0.39976093
v -0.2668188 0.021058613 -0.36356932
v -0.31896773 0.021058612 -0.31896773
v -0.3635693 0.021058613 -0.26681873
v -0.39976093 0.021058613 -0.20798495
v -0.42668003 0.021058613 -0.14332883
v -0.44346407 0.021058613 -0.073712975
v -0.077068314 0.027468814 -0.46364987
v -0.14985298 0.027468814 -0.44610196
v -0.21745215 0.027468817 -0.41795754
v -0.278964 0.027468814 -0.38011852
v -0.33348674 0.027468814 -0.33348674
v -0.38011852 0.027468814 -0.27896398
v -0.41795748 0.027468812 -0.21745215
v -0.44610193 0.027468814 -0.14985296
v -0.46364993 0.027468814 -0.077068284
v -0.07895993 0.034317736 -0.47502998
v -0.15353107 0.03431774 -0.4570514
v -0.22278944 0.03431774 -0.42821616
v -0.2858111 0.034317743 -0.38944846
v -0.34167203 0.03431774 -0.34167206
v -0.38944843 0.03431774 -0.28581107
v -0.42821616 0.03431774 -0.2227894
v -0.45705134 0.03431774 -0.15353104
v -0.47503006 0.03431774 -0.078959905
v -0.079795755 0.041459143 -0.48005843
v -0.15515627 0.041459147 -0.46188948
v -0.22514777 0.041459147 -0.432749
v -0.28883657 0.041459147 -0.39357096
v -0.34528884 0.041459143 -0.34528884
v -0.3935709 0.041459143 -0.28883654
v -0.43274903 0.041459143 -0.22514777
v -0.46188945 0.041459143 -0.15515625
v -0.4800585 0.041459147 -0.07979574
g palette_0
f 1 2 3
f 1 3 4
f 2 5 6
f 2 6 3
f 5 7 8
f 5 8 6
f 7 9 10
f 7 10 8
f 9 11 12
f 9 12 10
f 11 13 14
f 11 14 12
f 13 15 16
f 13 16 14
f 15 17 18
f 15 18 16
f 17 19 20
f 17 20 18
f 19 21 22
f 19 22 20
f 4 3 23
f 4 23 24
f 3 6 25
f 3 25 23
f 6 8 26
f 6 26 25
f 8 10 27
f 8 27 26
f 10 12 28
f 10 28 27
f 12 14 29
f 12 29 28
f 14 16 30
f 14 30 29
f 16 18 31
f 16 31 30
f 18 20 32
f 18 32 31
f 20 22 33
f 20 33 32
f 24 23 34
f 24 34 35
f 23 25 36
f 23 36 34
f 25 26 37
f 25 37 36
f 26 27 38
f 26 38 37
f 27 28 39
f 27 39 38
f 28 29 40
f 28 40 39
f 29 30 41
f 29 41 40
f 30 31 42
f 30 42 41
f 31 32 43
f 31 43 42
f 32 33 44
f 32 44 43
f 35 34 45
f 35 45 46
f 34 36 47
f 34 47 45
f 36 37 48
f 36 48 47
f 37 38 49
f 37 49 48
f 38 39 50
f 38 50 49
f 39 40 51
f 39 51 50
f 40 41 52
f 40 52 51
f 41 42 53
f 41 53 52
f 42 43 54
f 42 54 53
f 43 44 55
f 43 55 54
f 46 45 56
f 46 56 57
f 45 47 58
f 45 58 56
f 47 48 59
f 47 59 58
f 48 49 60
f 48 60 59
f 49 50 61
f 49 61 60
f 50 51 62
f 50 62 61
f 51 52 63
f 51 63 62
f 52 53 64
f 52 64 63
f 53 54 65
f 53 65 64
f 54 55 66
f 54 66 65
f 57 56 67
f 57 67 68
f 56 58 69
f 56 69 67
f 58 59 70
f 58 70 69
f 59 60 71
f 59 71 70
f 60 61 72
f 60 72 71
f 61 62 73
f 61 73 72
f 62 63 74
f 62 74 73
f 63 64 75
f 63 75 74
f 64 65 76
f 64 76 75
f 65 66 77
f 65 77 76
f 68 67 78
f 68 78 79
f 67 69 80
f 67 80 78
f 69 70 81
f 69 81 80
f 70 71 82
f 70 82 81
f 71 72 83
f 71 83 82
f 72 73 84
f 72 84 83
f 73 74 85
f 73 85 84
f 74 75 86
f 74 86 85
f 75 76 87
f 75 87 86
f 76 77 88
f 76 88 87
f 79 78 89
f 79 89 90
f 78 80 91
f 78 91 89
f 80 81 92
f 80 92 91
f 81 82 93
f 81 93 92
f 82 83 94
f 82 94 93
f 83 84 95
f 83 95 94
f 84 85 96
f 84 96 95
f 85 86 97
f 85 97 96
f 86 87 98
f 86 98 97
f 87 88 99
f 87 99 98
f 90 89 100
f 90 100 101
f 89 91 102
f 89 102 100
f 91 92 103
f 91 103 102
f 92 93 104
f 92 104 103
f 93 94 105
f 93 105 104
f 94 95 106
f 94 106 105
f 95 96 107
f 95 107 106
f 96 97 108
f 96 108 107
f 97 98 109
f 97 109 108
f 98 99 110
f 98 110 109
f 101 100 111
f 101 111 112
f 100 102 113
f 100 113 111
f 102 103 114
f 102 114 113
f 103 104 115
f 103 115 114
f 104 105 116
f 104 116 115
f 105 106 117
f 105 117 116
f 106 107 118
f 106 118 117
f 107 108 119
f 107 119 118
f 108 109 120
f 108 120 119
f 109 110 121
f 109 121 120
f 21 122 123
f 21 123 22
f 122 124 125
f 122 125 123
f 124 126 127
f 124 127 125
f 126 128 129
f 126 129 127
f 128 130 131
f 128 131 129
f 130 132 133
f 130 133 131
f 132 134 135
f 132 135 133
f 134 136 137
f 134 137 135
f 136 138 139
f 136 139 137
f 138 140 141
f 138 141 139
f 22 123 142
f 22 142 33
f 123 125 143
f 123 143 142
f 125 127 144
f 125 144 143
f 127 129 145
f 127 145 144
f 129 131 146
f 129 146 145
f 131 133 147
f 131 147 146
f 133 135 148
f 133 148 147
f 135 137 149
f 135 149 148
f 137 139 150
f 137 150 149
f 139 141 151
f 139 151 150
f 33 142 152
f 33 152 44
f 142 143 153
f 142 153 152
f 143 144 154
f 143 154 153
f 144 145 155
f 144 155 154
f 145 146 156
f 145 156 155
f 146 147 157
f 146 157 156
f 147 148 158
f 147 158 157
f 148 149 159
f 148 159 158
f 149 150 160
f 149 160 159
f 150 151 161
f 150 161 160
f 44 152 162
f 44 162 55
f 152 153 163
f 152 163 162
f 153 154 164
f 153 164 163
f 154 155 165
f 154 165 164
f 155 156 166
f 155 166 165
f 156 157 167
f 156 167 166
f 157 158 168
f 157 168 167
f 158 159 169
f 158 169 168
f 159 160 170
f 159 170 169
f 160 161 171
f 160 171 170
f 55 162 172
f 55 172 66
f 162 163 173
f 162 173 172
f 163 164 174
f 163 174 173
f 164 165 175
f 164 175 174
f 165 166 176
f 165 176 175
f 166 167 177
f 166 177 176
f 167 168 178
f 167 178 177
f 168 169 179
f 168 179 178
f 169 170 180
f 169 180 179
f 170 171 181
f 170 181 180
f 66 172 182
f 66 182 77
f 172 173 183
f 172 183 182
f 173 174 184
f 173 184 183
f 174 175 185
f 174 185 184
f 175 176 186
f 175 186 185
f 176 177 187
f 176 187 186
f 177 178 188
f 177 188 187
f 178 179 189
f 178 189 188
f 179 180 190
f 179 190 189
f 180 181 191
f 180 191 190
f 77 182 192
f 77 192 88
f 182 183 193
f 182 193 192
f 183 184 194
f 183 194 193
f 184 185 195
f 184 195 194
f 185 186 196
f 185 196 195
f 186 187 197
f 186 197 196
f 187 188 198
f 187 198 197
f 188 189 199
f 188 199 198
f 189 190 200
f 189 200 199
f 190 191 201
f 190 201 200
f 88 192 202
f 88 202 99
f 192 193 203
f 192 203 202
f 193 194 204
f 193 204 203
f 194 195 205
f 194 205 204
f 195 196 206
f 195 206 205
f 196 197 207
f 196 207 206
f 197 198 208
f 197 208 207
f 198 199 209
f 198 209 208
f 199 200 210
f 199 210 209
f 200 201 211
f 200 211 210
f 99 202 212
f 99 212 110
f 202 203 213
f 202 213 212
f 203 204 214
f 203 214 213
f 204 205 215
f 204 215 214
f 205 206 216
f 205 216 215
f 206 207 217
f 206 217 216
f 207 208 218
f 207 218 217
f 208 209 219
f 208 219 218
f 209 210 220
f 209 220 219
f 210 211 221
f 210 221 220
f 110 212 222
f 110 222 121
f 212 213 223
f 212 223 222
f 213 214 224
f 213 224 223
f 214 215 225
f 214 225 224
f 215 216 226
f 215 226 225
f 216 217 227
f 216 227 226
f 217 218 228
f 217 228 227
f 218 219 229
f 218 229 228
f 219 220 230
f 219 230 229
f 220 221 231
f 220 231 230
f 140 232 233
f 140 233 141
f 232 234 235
f 232 235 233
f 234 236 237
f 234 237 235
f 236 238 239
f 236 239 237
f 238 240 241
f 238 241 239
f 240 242 243
f 240 243 241
f 242 244 245
f 242 245 243
f 244 246 247
f 244 247 245
f 246 248 249
f 246 249 247
f 248 250 251
f 248 251 249
f 141 233 252
f 141 252 151
f 233 235 253
f 233 253 252
f 235 237 254
f 235 254 253
f 237 239 255
f 237 255 254
f 239 241 256
f 239 256 255
f 241 243 257
f 241 257 256
f 243 245 258
f 243 258 257
f 245 247 259
f 245 259 258
f 247 249 260
f 247 260 259
f 249 251 261
f 249 261 260
f 151 252 262
f 151 262 161
f 252 253 263
f 252 263 262
f 253 254 264
f 253 264 263
f 254 255 265
f 254 265 264
f 255 256 266
f 255 266 265
f 256 257 267
f 256 267 266
f 257 258 268
f 257 268 267
f 258 259 269
f 258 269 268
f 259 260 270
f 259 270 269
f 260 261 271
f 260 271 270
f 161 262 272
f 161 272 171
f 262 263 273
f 262 273 272
f 263 264 274
f 263 274 273
f 264 265 275
f 264 275 274
f 265 266 276
f 265 276 275
f 266 267 277
f 266 277 276
f 267 268 278
f 267 278 277
f 268 269 279
f 268 279 278
f 269 270 280
f 269 280 279
f 270 271 281
f 270 281 280
f 171 272 282
f 171 282 181
f 272 273 283
f 272 283 282
f 273 274 284
f 273 284 283
f 274 275 285
f 274 285 284
f 275 276 286
f 275 286 285
f 276 277 287
f 276 287 286
f 277 278 288
f 277 288 287
f 278 279 289
f 278 289 288
f 279 280 290
f 279 290 289
f 280 281 291
f 280 291 290
f 181 282 292
f 181 292 191
f 282 283 293
f 282 293 292
f 283 284 294
f 283 294 293
f 284 285 295
f 284 295 294
f 285 286 296
f 285 296 295
f 286 287 297
f 286 297 296
f 287 288 298
f 287 298 297
f 288 289 299
f 288 299 298
f 289 290 300
f 289 300 299
f 290 291 301
f 290 301 300
f 191 292 302
f 191 302 201
f 292 293 303
f 292 303 302
f 293 294 304
f 293 304 303
f 294 295 305
f 294 305 304
f 295 296 306
f 295 306 305
f 296 297 307
f 296 307 306
f 297 298 308
f 297 308 307
f 298 299 309
f 298 309 308
f 299 300 310
f 299 310 309
f 300 301 311
f 300 311 310
f 201 302 312
f 201 312 211
f 302 303 313
f 302 313 312
f 303 304 314
f 303 314 313
f 304 305 315
f 304 315 314
f 305 306 316
f 305 316 315
f 306 307 317
f 306 317 316
f 307 308 318
f 307 318 317
f 308 309 319
f 308 319 318
f 309 310 320
f 309 320 319
f 310 311 321
f 310 321 320
f 211 312 322
f 211 322 221
f 312 313 323
f 312 323 322
f 313 314 324
f 313 324 323
f 314 315 325
f 314 325 324
f 315 316 326
f 315 326 325
f 316 317 327
f 316 327 326
f 317 318 328
f 317 328 327
f 318 319 329
f 318 329 328
f 319 320 330
f 319 330 329
f 320 321 331
f 320 331 330
f 221 322 332
f 221 332 231
f 322 323 333
f 322 333 332
f 323 324 334
f 323 334 333
f 324 325 335
f 324 335 334
f 325 326 336
f 325 336 335
f 326 327 337
f 326 337 336
f 327 328 338
f 327 338 337
f 328 329 339
f 328 339 338
f 329 330 340
f 329 340 339
f 330 331 341
f 330 341 340
f 250 342 343
f 250 343 251
f 342 344 345
f 342 345 343
f 344 346 347
f 344 347 345
f 346 348 349
f 346 349 347
f 348 350 351
f 348 351 349
f 350 352 353
f 350 353 351
f 352 354 355
f 352 355 353
f 354 356 357
f 354 357 355
f 356 358 359
f 356 359 357
f 358 1 4
f 358 4 359
f 251 343 360
f 251 360 261
f 343 345 361
f 343 361 360
f 345 347 362
f 345 362 361
f 347 349 363
f 347 363 362
f 349 351 364
f 349 364 363
f 351 353 365
f 351 365 364
f 353 355 366
f 353 366 365
f 355 357 367
f 355 367 366
f 357 359 368
f 357 368 367
f 359 4 24
f 359 24 368
f 261 360 369
f 261 369 271
f 360 361 370
f 360 370 369
f 361 362 371
f 361 371 370
f 362 363 372
f 362 372 371
f 363 364 373
f 363 373 372
f 364 365 374
f 364 374 373
f 365 366 375
f 365 375 374
f 366 367 376
f 366 376 375
f 367 368 377
f 367 377 376
f 368 24 35
f 368 35 377
f 271 369 378
f 271 378 281
f 369 370 379
f 369 379 378
f 370 371 380
f 370 380 379
f 371 372 381
f 371 381 380
f 372 373 382
f 372 382 381
f 373 374 383
f 373 383 382
f 374 375 384
f 374 384 383
f 375 376 385
f 375 385 384
f 376 377 386
f 376 386 385
f 377 35 46
f 377 46 386
f 281 378 387
f 281 387 291
f 378 379 388
f 378 388 387
f 379 380 389
f 379 389 388
f 380 381 390
f 380 390 389
f 381 382 391
f 381 391 390
f 382 383 392
f 382 392 391
f 383 384 393
f 383 393 392
f 384 385 394
f 384 394 393
f 385 386 395
f 385 395 394
f 386 46 57
f 386 57 395
f 291 387 396
f 291 396 301
f 387 388 397
f 387 397 396
f 388 389 398
f 388 398 397
f 389 390 399
f 389 399 398
f 390 391 400
f 390 400 399
f 391 392 401
f 391 401 400
f 392 393 402
f 392 402 401
f 393 394 403
f 393 403 402
f 394 395 404
f 394 404 403
f 395 57 68
f 395 68 404
f 301 396 405
f 301 405 311
f 396 397 406
f 396 406 405
f 397 398 407
f 397 407 406
f 398 399 408
f 398 408 407
f 399 400 409
f 399 409 408
f 400 401 410
f 400 410 409
f 401 402 411
f 401 411 410
f 402 403 412
f 402 412 411
f 403 404 413
f 403 413 412
f 404 68 79
f 404 79 413
f 311 405 414
f 311 414 321
f 405 406 415
f 405 415 414
f 406 407 416
f 406 416 415
f 407 408 417
f 407 417 416
f 408 409 418
f 408 418 417
f 409 410 419
f 409 419 418
f 410 411 420
f 410 420 419
f 411 412 421
f 411 421 420
f 412 413 422
f 412 422 421
f 413 79 90
f 413 90 422
f 321 414 423
f 321 423 331
f 414 415 424
f 414 424 423
f 415 416 425
f 415 425 424
f 416 417 426
f 416 426 425
f 417 418 427
f 417 427 426
f 418 419 428
f 418 428 427
f 419 420 429
f 419 429 428
f 420 421 430
f 420 430 429
f 421 422 431
f 421 431 430
f 422 90 101
f 422 101 431
f 331 423 432
f 331 432 341
f 423 424 433
f 423 433 432
f 424 425 434
f 424 434 433
f 425 426 435
f 425 435 434
f 426 427 436
f 426 436 435
f 427 428 437
f 427 437 436
f 428 429 438
f 428 438 437
f 429 430 439
f 429 439 438
f 430 431 440
f 430 440 439
f 431 101 112
f 431 112 440
f 112 111 441
f 112 441 442
f 111 113 443
f 111 443 441
f 113 114 444
f 113 444 443
f 114 115 445
f 114 445 444
f 115 116 446
f 115 446 445
f 116 117 447
f 116 447 446
f 117 118 448
f 117 448 447
f 118 119 449
f 118 449 448
f 119 120 450
f 119 450 449
f 120 121 451
f 120 451 450
f 442 441 452
f 442 452 453
f 441 443 454
f 441 454 452
f 443 444 455
f 443 455 454
f 444 445 456
f 444 456 455
f 445 446 457
f 445 457 456
f 446 447 458
f 446 458 457
f 447 448 459
f 447 459 458
f 448 449 460
f 448 460 459
f 449 450 461
f 449 461 460
f 450 451 462
f 450 462 461
f 453 452 463
f 453 463 464
f 452 454 465
f 452 465 463
f 454 455 466
f 454 466 465
f 455 456 467
f 455 467 466
f 456 457 468
f 456 468 467
f 457 458 469
f 457 469 468
f 458 459 470
f 458 470 469
f 459 460 471
f 459 471 470
f 460 461 472
f 460 472 471
f 461 462 473
f 461 473 472
f 464 463 474
f 464 474 475
f 463 465 476
f 463 476 474
f 465 466 477
f 465 477 476
f 466 467 478
f 466 478 477
f 467 468 479
f 467 479 478
f 468 469 480
f 468 480 479
f 469 470 481
f 469 481 480
f 470 471 482
f 470 482 481
f 471 472 483
f 471 483 482
f 472 473 484
f 472 484 483
f 475 474 485
f 475 485 486
f 474 476 487
f 474 487 485
f 476 477 488
f 476 488 487
f 477 478 489
f 477 489 488
f 478 479 490
f 478 490 489
f 479 480 491
f 479 491 490
f 480 481 492
f 480 492 491
f 481 482 493
f 481 493 492
f 482 483 494
f 482 494 493
f 483 484 495
f 483 495 494
f 486 485 496
f 486 496 497
f 485 487 498
f 485 498 496
f 487 488 499
f 487 499 498
f 488 489 500
f 488 500 499
f 489 490 501
f 489 501 500
f 490 491 502
f 490 502 501
f 491 492 503
f 491 503 502
f 492 493 504
f 492 504 503
f 493 494 505
f 493 505 504
f 494 495 506
f 494 506 505
f 497 496 507
f 497 507 508
f 496 498 509
f 496 509 507
f 498 499 510
f 498 510 509
f 499 500 511
f 499 511 510
f 500 501 512
f 500 512 511
f 501 502 513
f 501 513 512
f 502 503 514
f 502 514 513
f 503 504 515
f 503 515 514
f 504 505 516
f 504 516 515
f 505 506 517
f 505 517 516
f 508 507 518
f 508 518 519
f 507 509 520
f 507 520 518
f 509 510 521
f 509 521 520
f 510 511 522
f 510 522 521
f 511 512 523
f 511 523 522
f 512 513 524
f 512 524 523
f 513 514 525
f 513 525 524
f 514 515 526
f 514 526 525
f 515 516 527
f 515 527 526
f 516 517 528
f 516 528 527
f 519 518 529
f 519 529 530
f 518 520 531
f 518 531 529
f 520 521 532
f 520 532 531
f 521 522 533
f 521 533 532
f 522 523 534
f 522 534 533
f 523 524 535
f 523 535 534
f 524 525 536
f 524 536 535
f 525 526 537
f 525 537 536
f 526 527 538
f 526 538 537
f 527 528 539
f 527 539 538
f 530 529 540
f 530 540 541
f 529 531 542
f 529 542 540
f 531 532 543
f 531 543 542
f 532 533 544
f 532 544 543
f 533 534 545
f 533 545 544
f 534 535 546
f 534 546 545
f 535 536 547
f 535 547 546
f 536 537 548
f 536 548 547
f 537 538 549
f 537 549 548
f 538 539 550
f 538 550 549
f 121 222 551
f 121 551 451
f 222 223 552
f 222 552 551
f 223 224 553
f 223 553 552
f 224 225 554
f 224 554 553
f 225 226 555
f 225 555 554
f 226 227 556
f 226 556 555
f 227 228 557
f 227 557 556
f 228 229 558
f 228 558 557
f 229 230 559
f 229 559 558
f 230 231 560
f 230 560 559
f 451 551 561
f 451 561 462
f 551 552 562
f 551 562 561
f 552 553 563
f 552 563 562
f 553 554 564
f 553 564 563
f 554 555 565
f 554 565 564
f 555 556 566
f 555 566 565
f 556 557 567
f 556 567 566
f 557 558 568
f 557 568 567
f 558 559 569
f 558 569 568
f 559 560 570
f 559 570 569
f 462 561 571
f 462 571 473
f 561 562 572
f 561 572 571
f 562 563 573
f 562 573 572
f 563 564 574
f 563 574 573
f 564 565 575
f 564 575 574
f 565 566 576
f 565 576 575
f 566 567 577
f 566 577 576
f 567 568 578
f 567 578 577
f 568 569 579
f 568 579 578
f 569 570 580
f 569 580 579
f 473 571 581
f 473 581 484
f 571 572 582
f 571 582 581
f 572 573 583
f 572 583 582
f 573 574 584
f 573 584 583
f 574 575 585
f 574 585 584
f 575 576 586
f 575 586 585
f 576 577 587
f 576 587 586
f 577 578 588
f 577 588 587
f 578 579 589
f 578 589 588
f 579 580 590
f 579 590 589
f 484 581 591
f 484 591 495
f 581 582 592
f 581 592 591
f 582 583 593
f 582 593 592
f 583 584 594
f 583 594 593
f 584 585 595
f 584 595 594
f 585 586 596
f 585 596 595
f 586 587 597
f 586 597 596
f 587 588 598
f 587 598 597
f 588 589 599
f 588 599 598
f 589 590 600
f 589 600 599
f 495 591 601
f 495 601 506
f 591 592 602
f 591 602 601
f 592 593 603
f 592 603 602
f 593 594 604
f 593 604 603
f 594 595 605
f 594 605 604
f 595 596 606
f 595 606 605
f 596 597 607
f 596 607 606
f 597 598 608
f 597 608 607
f 598 599 609
f 598 609 608
f 599 600 610
f 599 610 609
f 506 601 611
f 506 611 517
f 601 602 612
f 601 612 611
f 602 603 613
f 602 613 612
f 603 604 614
f 603 614 613
f 604 605 615
f 604 615 614
f 605 606 616
f 605 616 615
f 606 607 617
f 606 617 616
f 607 608 618
f 607 618 617
f 608 609 619
f 608 619 618
f 609 610 620
f 609 620 619
f 517 611 621
f 517 621 528
f 611 612 622
f 611 622 621
f 612 613 623
f 612 623 622
f 613 614 624
f 613 624 623
f 614 615 625
f 614 625 624
f 615 616 626
f 615 626 625
f 616 617 627
f 616 627 626
f 617 618 628
f 617 628 627
f 618 619 629
f 618 629 628
f 619 620 630
f 619 630 629
f 528 621 631
f 528 631 539
f 621 622 632
f 621 632 631
f 622 623 633
f 622 633 632
f 623 624 634
f 623 634 633
f 624 625 635
f 624 635 634
f 625 626 636
f 625 636 635
f 626 627 637
f 626 637 636
f 627 628 638
f 627 638 637
f 628 629 639
f 628 639 638
f 629 630 640
f 629 640 639
f 539 631 641
f 539 641 550
f 631 632 642
f 631 642 641
f 632 633 643
f 632 643 642
f 633 634 644
f 633 644 643
f 634 635 645
f 634 645 644
f 635 636 646
f 635 646 645
f 636 637 647
f 636 647 646
f 637 638 648
f 637 648 647
f 638 639 649
f 638 649 648
f 639 640 650
f 639 650 649
f 231 332 651
f 231 651 560
f 332 333 652
f 332 652 651
f 333 334 653
f 333 653 652
f 334 335 654
f 334 654 653
f 335 336 655
f 335 655 654
f 336 337 656
f 336 656 655
f 337 338 657
f 337 657 656
f 338 339 658
f 338 658 657
f 339 340 659
f 339 659 658
f 340 341 660
f 340 660 659
f 560 651 661
f 560 661 570
f 651 652 662
f 651 662 661
f 652 653 663
f 652 663 662
f 653 654 664
f 653 664 663
f 654 655 665
f 654 665 664
f 655 656 666
f 655 666 665
f 656 657 667
f 656 667 666
f 657 658 668
f 657 668 667
f 658 659 669
f 658 669 668
f 659 660 670
f 659 670 669
f 570 661 671
f 570 671 580
f 661 662 672
f 661 672 671
f 662 663 673
f 662 673 672
f 663 664 674
f 663 674 673
f 664 665 675
f 664 675 674
f 665 666 676
f 665 676 675
f 666 667 677
f 666 677 676
f 667 668 678
f 667 678 677
f 668 669 679
f 668 679 678
f 669 670 680
f 669 680 679
f 580 671 681
f 580 681 590
f 671 672 682
f 671 682 681
f 672 673 683
f 672 683 682
f 673 674 684
f 673 684 683
f 674 675 685
f 674 685 684
f 675 676 686
f 675 686 685
f 676 677 687
f 676 687 686
f 677 678 688
f 677 688 687
f 678 679 689
f 678 689 688
f 679 680 690
f 679 690 689
f 590 681 691
f 590 691 600
f 681 682 692
f 681 692 691
f 682 683 693
f 682 693 692
f 683 684 694
f 683 694 693
f 684 685 695
f 684 695 694
f 685 686 696
f 685 696 695
f 686 687 697
f 686 697 696
f 687 688 698
f 687 698 697
f 688 689 699
f 688 699 698
f 689 690 700
f 689 700 699
f 600 691 701
f 600 701 610
f 691 692 702
f 691 702 701
f 692 693 703
f 692 703 702
f 693 694 704
f 693 704 703
f 694 695 705
f 694 705 704
f 695 696 706
f 695 706 705
f 696 697 707
f 696 707 706
f 697 698 708
f 697 708 707
f 698 699 709
f 698 709 708
f 699 700 710
f 699 710 709
f 610 701 711
f 610 711 620
f 701 702 712
f 701 712 711
f 702 703 713
f 702 713 712
f 703 704 714
f 703 714 713
f 704 705 715
f 704 715 714
f 705 706 716
f 705 716 715
f 706 707 717
f 706 717 716
f 707 708 718
f 707 718 717
f 708 709 719
f 708 719 718
f 709 710 720
f 709 720 719
f 620 711 721
f 620 721 630
f 711 712 722
f 711 722 721
f 712 713 723
f 712 723 722
f 713 714 724
f 713 724 723
f 714 715 725
f 714 725 724
f 715 716 726
f 715 726 725
f 716 717 727
f 716 727 726
f 717 718 728
f 717 728 727
f 718 719 729
f 718 729 728
f 719 720 730
f 719 730 729
f 630 721 731
f 630 731 640
f 721 722 732
f 721 732 731
f 722 723 733
f 722 733 732
f 723 724 734
f 723 734 733
f 724 725 735
f 724 735 734
f 725 726 736
f 725 736 735
f 726 727 737
f 726 737 736
f 727 728 738
f 727 738 737
f 728 729 739
f 728 739 738
f 729 730 740
f 729 740 739
f 640 731 741
f 640 741 650
f 731 732 742
f 731 742 741
f 732 733 743
f 732 743 742
f 733 734 744
f 733 744 743
f 734 735 745
f 734 745 744
f 735 736 746
f 735 746 745
f 736 737 747
f 736 747 746
f 737 738 748
f 737 748 747
f 738 739 749
f 738 749 748
f 739 740 750
f 739 750 749
f 341 432 751
f 341 751 660
f 432 433 752
f 432 752 751
f 433 434 753
f 433 753 752
f 434 435 754
f 434 754 753
f 435 436 755
f 435 755 754
f 436 437 756
f 436 756 755
f 437 438 757
f 437 757 756
f 438 439 758
f 438 758 757
f 439 440 759
f 439 759 758
f 440 112 442
f 440 442 759
f 660 751 760
f 660 760 670
f 751 752 761
f 751 761 760
f 752 753 762
f 752 762 761
f 753 754 763
f 753 763 762
f 754 755 764
f 754 764 763
f 755 756 765
f 755 765 764
f 756 757 766
f 756 766 765
f 757 758 767
f 757 767 766
f 758 759 768
f 758 768 767
f 759 442 453
f 759 453 768
f 670 760 769
f 670 769 680
f 760 761 770
f 760 770 769
f 761 762 771
f 761 771 770
f 762 763 772
f 762 772 771
f 763 764 773
f 763 773 772
f 764 765 774
f 764 774 773
f 765 766 775
f 765 775 774
f 766 767 776
f 766 776 775
f 767 768 777
f 767 777 776
f 768 453 464
f 768 464 777
f 680 769 778
f 680 778 690
f 769 770 779
f 769 779 778
f 770 771 780
f 770 780 779
f 771 772 781
f 771 781 780
f 772 773 782
f 772 782 781
f 773 774 783
f 773 783 782
f 774 775 784
f 774 784 783
f 775 776 785
f 775 785 784
f 776 777 786
f 776 786 785
f 777 464 475
f 777 475 786
f 690 778 787
f 690 787 700
f 778 779 788
f 778 788 787
f 779 780 789
f 779 789 788
f 780 781 790
f 780 790 789
f 781 782 791
f 781 791 790
f 782 783 792
f 782 792 791
f 783 784 793
f 783 793 792
f 784 785 794
f 784 794 793
f 785 786 795
f 785 795 794
f 786 475 486
f 786 486 795
f 700 787 796
f 700 796 710
f 787 788 797
f 787 797 796
f 788 789 798
f 788 798 797
f 789 790 799
f 789 799 798
f 790 791 800
f 790 800 799
f 791 792 801
f 791 801 800
f 792 793 802
f 792 802 801
f 793 794 803
f 793 803 802
f 794 795 804
f 794 804 803
f 795 486 497
f 795 497 804
f 710 796 805
f 710 805 720
f 796 797 806
f 796 806 805
f 797 798 807
f 797 807 806
f 798 799 808
f 798 808 807
f 799 800 809
f 799 809 808
f 800 801 810
f 800 810 809
f 801 802 811
f 801 811 810
f 802 803 812
f 802 812 811
f 803 804 813
f 803 813 812
f 804 497 508
f 804 508 813
f 720 805 814
f 720 814 730
f 805 806 815
f 805 815 814
f 806 807 816
f 806 816 815
f 807 808 817
f 807 817 816
f 808 809 818
f 808 818 817
f 809 810 819
f 809 819 818
f 810 811 820
f 810 820 819
f 811 812 821
f 811 821 820
f 812 813 822
f 812 822 821
f 813 508 519
f 813 519 822
f 730 814 823
f 730 823 740
f 814 815 824
f 814 824 823
f 815 816 825
f 815 825 824
f 816 817 826
f 816 826 825
f 817 818 827
f 817 827 826
f 818 819 828
f 818 828 827
f 819 820 829
f 819 829 828
f 820 821 830
f 820 830 829
f 821 822 831
f 821 831 830
f 822 519 530
f 822 530 831
f 740 823 832
f 740 832 750
f 823 824 833
f 823 833 832
f 824 825 834
f 824 834 833
f 825 826 835
f 825 835 834
f 826 827 836
f 826 836 835
f 827 828 837
f 827 837 836
f 828 829 838
f 828 838 837
f 829 830 839
f 829 839 838
f 830 831 840
f 830 840 839
f 831 530 541
f 831 541 840
f 541 540 841
f 541 841 842
f 540 542 843
f 540 843 841
f 542 543 844
f 542 844 843
f 543 544 845
f 543 845 844
f 544 545 846
f 544 846 845
f 545 546 847
f 545 847 846
f 546 547 848
f 546 848 847
f 547 548 849
f 547 849 848
f 548 549 850
f 548 850 849
f 549 550 851
f 549 851 850
f 842 841 852
f 842 852 853
f 841 843 854
f 841 854 852
f 843 844 855
f 843 855 854
f 844 845 856
f 844 856 855
f 845 846 857
f 845 857 856
f 846 847 858
f 846 858 857
f 847 848 859
f 847 859 858
f 848 849 860
f 848 860 859
f 849 850 861
f 849 861 860
f 850 851 862
f 850 862 861
f 853 852 863
f 853 863 864
f 852 854 865
f 852 865 863
f 854 855 866
f 854 866 865
f 855 856 867
f 855 867 866
f 856 857 868
f 856 868 867
f 857 858 869
f 857 869 868
f 858 859 870
f 858 870 869
f 859 860 871
f 859 871 870
f 860 861 872
f 860 872 871
f 861 862 873
f 861 873 872
f 864 863 874
f 864 874 875
f 863 865 876
f 863 876 874
f 865 866 877
f 865 877 876
f 866 867 878
f 866 878 877
f 867 868 879
f 867 879 878
f 868 869 880
f 868 880 879
f 869 870 881
f 869 881 880
f 870 871 882
f 870 882 881
f 871 872 883
f 871 883 882
f 872 873 884
f 872 884 883
f 875 874 885
f 875 885 886
f 874 876 887
f 874 887 885
f 876 877 888
f 876 888 887
f 877 878 889
f 877 889 888
f 878 879 890
f 878 890 889
f 879 880 891
f 879 891 890
f 880 881 892
f 880 892 891
f 881 882 893
f 881 893 892
f 882 883 894
f 882 894 893
f 883 884 895
f 883 895 894
f 886 885 896
f 886 896 897
f 885 887 898
f 885 898 896
f 887 888 899
f 887 899 898
f 888 889 900
f 888 900 899
f 889 890 901
f 889 901 900
f 890 891 902
f 890 902 901
f 891 892 903
f 891 903 902
f 892 893 904
f 892 904 903
f 893 894 905
f 893 905 904
f 894 895 906
f 894 906 905
f 897 896 907
f 897 907 908
f 896 898 909
f 896 909 907
f 898 899 910
f 898 910 909
f 899 900 911
f 899 911 910
f 900 901 912
f 900 912 911
f 901 902 913
f 901 913 912
f 902 903 914
f 902 914 913
f 903 904 915
f 903 915 914
f 904 905 916
f 904 916 915
f 905 906 917
f 905 917 916
f 908 907 918
f 908 918 919
f 907 909 920
f 907 920 918
f 909 910 921
f 909 921 920
f 910 911 922
f 910 922 921
f 911 912 923
f 911 923 922
f 912 913 924
f 912 924 923
f 913 914 925
f 913 925 924
f 914 915 926
f 914 926 925
f 915 916 927
f 915 927 926
f 916 917 928
f 916 928 927
f 919 918 929
f 919 929 930
f 918 920 931
f 918 931 929
f 920 921 932
f 920 932 931
f 921 922 933
f 921 933 932
f 922 923 934
f 922 934 933
f 923 924 935
f 923 935 934
f 924 925 936
f 924 936 935
f 925 926 937
f 925 937 936
f 926 927 938
f 926 938 937
f 927 928 939
f 927 939 938
f 930 929 940
f 930 940 941
f 929 931 942
f 929 942 940
f 931 932 943
f 931 943 942
f 932 933 944
f 932 944 943
f 933 934 945
f 933 945 944
f 934 935 946
f 934 946 945
f 935 936 947
f 935 947 946
f 936 937 948
f 936 948 947
f 937 938 949
f 937 949 948
f 938 939 950
f 938 950 949
f 550 641 951
f 550 951 851
f 641 642 952
f 641 952 951
f 642 643 953
f 642 953 952
f 643 644 954
f 643 954 953
f 644 645 955
f 644 955 954
f 645 646 956
f 645 956 955
f 646 647 957
f 646 957 956
f 647 648 958
f 647 958 957
f 648 649 959
f 648 959 958
f 649 650 960
f 649 960 959
f 851 951 961
f 851 961 862
f 951 952 962
f 951 962 961
f 952 953 963
f 952 963 962
f 953 954 964
f 953 964 963
f 954 955 965
f 954 965 964
f 955 956 966
f 955 966 965
f 956 957 967
f 956 967 966
f 957 958 968
f 957 968 967
f 958 959 969
f 958 969 968
f 959 960 970
f 959 970 969
f 862 961 971
f 862 971 873
f 961 962 972
f 961 972 971
f 962 963 973
f 962 973 972
f 963 964 974
f 963 974 973
f 964 965 975
f 964 975 974
f 965 966 976
f 965 976 975
f 966 967 977
f 966 977 976
f 967 968 978
f 967 978 977
f 968 969 979
f 968 979 978
f 969 970 980
f 969 980 979
f 873 971 981
f 873 981 884
f 971 972 982
f 971 982 981
f 972 973 983
f 972 983 982
f 973 974 984
f 973 984 983
f 974 975 985
f 974 985 984
f 975 976 986
f 975 986 985
f 976 977 987
f 976 987 986
f 977 978 988
f 977 988 987
f 978 979 989
f 978 989 988
f 979 980 990
f 979 990 989
f 884 981 991
f 884 991 895
f 981 982 992
f 981 992 991
f 982 983 993
f 982 993 992
f 983 984 994
f 983 994 993
f 984 985 995
f 984 995 994
f 985 986 996
f 985 996 995
f 986 987 997
f 986 997 996
f 987 988 998
f 987 998 997
f 988 989 999
f 988 999 998
f 989 990 1000
f 989 1000 999
f 895 991 1001
f 895 1001 906
f 991 992 1002
f 991 1002 1001
f 992 993 1003
f 992 1003 1002
f 993 994 1004
f 993 1004 1003
f 994 995 1005
f 994 1005 1004
f 995 996 1006
f 995 1006 1005
f 996 997 1007
f 996 1007 1006
f 997 998 1008
f 997 1008 1007
f 998 999 1009
f 998 1009 1008
f 999 1000 1010
f 999 1010 1009
f 906 1001 1011
f 906 1011 917
f 1001 1002 1012
f 1001 1012 1011
f 1002 1003 1013
f 1002 1013 1012
f 1003 1004 1014
f 1003 1014 1013
f 1004 1005 1015
f 1004 1015 1014
f 1005 1006 1016
f 1005 1016 1015
f 1006 1007 1017
f 1006 1017 1016
f 1007 1008 1018
f 1007 1018 1017
f 1008 1009 1019
f 1008 1019 1018
f 1009 1010 1020
f 1009 1020 1019
f 917 1011 1021
f 917 1021 928
f 1011 1012 1022
f 1011 1022 1021
f 1012 1013 1023
f 1012 1023 1022
f 1013 1014 1024
f 1013 1024 1023
f 1014 1015 1025
f 1014 1025 1024
f 1015 1016 1026
f 1015 1026 1025
f 1016 1017 1027
f 1016 1027 1026
f 1017 1018 1028
f 1017 1028 1027
f 1018 1019 1029
f 1018 1029 1028
f 1019 1020 1030
f 1019 1030 1029
f 928 1021 1031
f 928 1031 939
f 1021 1022 1032
f 1021 1032 1031
f 1022 1023 1033
f 1022 1033 1032
f 1023 1024 1034
f 1023 1034 1033
f 1024 1025 1035
f 1024 1035 1034
f 1025 1026 1036
f 1025 1036 1035
f 1026 1027 1037
f 1026 1037 1036
f 1027 1028 1038
f 1027 1038 1037
f 1028 1029 1039
f 1028 1039 1038
f 1029 1030 1040
f 1029 1040 1039
f 939 1031 1041
f 939 1041 950
f 1031 1032 1042
f 1031 1042 1041
f 1032 1033 1043
f 1032 1043 1042
f 1033 1034 1044
f 1033 1044 1043
f 1034 1035 1045
f 1034 1045 1044
f 1035 1036 1046
f 1035 1046 1045
f 1036 1037 1047
f 1036 1047 1046
f 1037 1038 1048
f 1037 1048 1047
f 1038 1039 1049
f 1038 1049 1048
f 1039 1040 1050
f 1039 1050 1049
f 650 741 1051
f 650 1051 960
f 741 742 1052
f 741 1052 1051
f 742 743 1053
f 742 1053 1052
f 743 744 1054
f 743 1054 1053
f 744 745 1055
f 744 1055 1054
f 745 746 1056
f 745 1056 1055
f 746 747 1057
f 746 1057 1056
f 747 748 1058
f 747 1058 1057
f 748 749 1059
f 748 1059 1058
f 749 750 1060
f 749 1060 1059
f 960 1051 1061
f 960 1061 970
f 1051 1052 1062
f 1051 1062 1061
f 1052 1053 1063
f 1052 1063 1062
f 1053 1054 1064
f 1053 1064 1063
f 1054 1055 1065
f 1054 1065 1064
f 1055 1056 1066
f 1055 1066 1065
f 1056 1057 1067
f 1056 1067 1066
f 1057 1058 1068
f 1057 1068 1067
f 1058 1059 1069
f 1058 1069 1068
f 1059 1060 1070
f 1059 1070 1069
f 970 1061 1071
f 970 1071 980
f 1061 1062 1072
f 1061 1072 1071
f 1062 1063 1073
f 1062 1073 1072
f 1063 1064 1074
f 1063 1074 1073
f 1064 1065 1075
f 1064 1075 1074
f 1065 1066 1076
f 1065 1076 1075
f 1066 1067 1077
f 1066 1077 1076
f 1067 1068 1078
f 1067 1078 1077
f 1068 1069 1079
f 1068 1079 1078
f 1069 1070 1080
f 1069 1080 1079
f 980 1071 1081
f 980 1081 990
f 1071 1072 1082
f 1071 1082 1081
f 1072 1073 1083
f 1072 1083 1082
f 1073 1074 1084
f 1073 1084 1083
f 1074 1075 1085
f 1074 1085 1084
f 1075 1076 1086
f 1075 1086 1085
f 1076 1077 1087
f 1076 1087 1086
f 1077 1078 1088
f 1077 1088 1087
f 1078 1079 1089
f 1078 1089 1088
f 1079 1080 1090
f 1079 1090 1089
f 990 1081 1091
f 990 1091 1000
f 1081 1082 1092
f 1081 1092 1091
f 1082 1083 1093
f 1082 1093 1092
f 1083 1084 1094
f 1083 1094 1093
f 1084 1085 1095
f 1084 1095 1094
f 1085 1086 1096
f 1085 1096 1095
f 1086 1087 1097
f 1086 1097 1096
f 1087 1088 1098
f 1087 1098 1097
f 1088 1089 1099
f 1088 1099 1098
f 1089 1090 1100
f 1089 1100 1099
f 1000 1091 1101
f 1000 1101 1010
f 1091 1092 1102
f 1091 1102 1101
f 1092 1093 1103
f 1092 1103 1102
f 1093 1094 1104
f 1093 1104 1103
f 1094 1095 1105
f 1094 1105 1104
f 1095 1096 1106
f 1095 1106 1105
f 1096 1097 1107
f 1096 1107 1106
f 1097 1098 1108
f 1097 1108 1107
f 1098 1099 1109
f 1098 1109 1108
f 1099 1100 1110
f 1099 1110 1109
f 1010 1101 1111
f 1010 1111 1020
f 1101 1102 1112
f 1101 1112 1111
f 1102 1103 1113
f 1102 1113 1112
f 1103 1104 1114
f 1103 1114 1113
f 1104 1105 1115
f 1104 1115 1114
f 1105 1106 1116
f 1105 1116 1115
f 1106 1107 1117
f 1106 1117 1116
f 1107 1108 1118
f 1107 1118 1117
f 1108 1109 1119
f 1108 1119 1118
f 1109 1110 1120
f 1109 1120 1119
f 1020 1111 1121
f 1020 1121 1030
f 1111 1112 1122
f 1111 1122 1121
f 1112 1113 1123
f 1112 1123 1122
f 1113 1114 1124
f 1113 1124 1123
f 1114 1115 1125
f 1114 1125 1124
f 1115 1116 1126
f 1115 1126 1125
f 1116 1117 1127
f 1116 1127 1126
f 1117 1118 1128
f 1117 1128 1127
f 1118 1119 1129
f 1118 1129 1128
f 1119 1120 1130
f 1119 1130 1129
f 1030 1121 1131
f 1030 1131 1040
f 1121 1122 1132
f 1121 1132 1131
f 1122 1123 1133
f 1122 1133 1132
f 1123 1124 1134
f 1123 1134 1133
f 1124 1125 1135
f 1124 1135 1134
f 1125 1126 1136
f 1125 1136 1135
f 1126 1127 1137
f 1126 1137 1136
f 1127 1128 1138
f 1127 1138 1137
f 1128 1129 1139
f 1128 1139 1138
f 1129 1130 1140
f 1129 1140 1139
f 1040 1131 1141
f 1040 1141 1050
f 1131 1132 1142
f 1131 1142 1141
f 1132 1133 1143
f 1132 1143 1142
f 1133 1134 1144
f 1133 1144 1143
f 1134 1135 1145
f 1134 1145 1144
f 1135 1136 1146
f 1135 1146 1145
f 1136 1137 1147
f 1136 1147 1146
f 1137 1138 1148
f 1137 1148 1147
f 1138 1139 1149
f 1138 1149 1148
f 1139 1140 1150
f 1139 1150 1149
f 750 832 1151
f 750 1151 1060
f 832 833 1152
f 832 1152 1151
f 833 834 1153
f 833 1153 1152
f 834 835 1154
f 834 1154 1153
f 835 836 1155
f 835 1155 1154
f 836 837 1156
f 836 1156 1155
f 837 838 1157
f 837 1157 1156
f 838 839 1158
f 838 1158 1157
f 839 840 1159
f 839 1159 1158
f 840 541 842
f 840 842 1159
f 1060 1151 1160
f 1060 1160 1070
f 1151 1152 1161
f 1151 1161 1160
f 1152 1153 1162
f 1152 1162 1161
f 1153 1154 1163
f 1153 1163 1162
f 1154 1155 1164
f 1154 1164 1163
f 1155 1156 1165
f 1155 1165 1164
f 1156 1157 1166
f 1156 1166 1165
f 1157 1158 1167
f 1157 1167 1166
f 1158 1159 1168
f 1158 1168 1167
f 1159 842 853
f 1159 853 1168
f 1070 1160 1169
f 1070 1169 1080
f 1160 1161 1170
f 1160 1170 1169
f 1161 1162 1171
f 1161 1171 1170
f 1162 1163 1172
f 1162 1172 1171
f 1163 1164 1173
f 1163 1173 1172
f 1164 1165 1174
f 1164 1174 1173
f 1165 1166 1175
f 1165 1175 1174
f 1166 1167 1176
f 1166 1176 1175
f 1167 1168 1177
f 1167 1177 1176
f 1168 853 864
f 1168 864 1177
f 1080 1169 1178
f 1080 1178 1090
f 1169 1170 1179
f 1169 1179 1178
f 1170 1171 1180
f 1170 1180 1179
f 1171 1172 1181
f 1171 1181 1180
f 1172 1173 1182
f 1172 1182 1181
f 1173 1174 1183
f 1173 1183 1182
f 1174 1175 1184
f 1174 1184 1183
f 1175 1176 1185
f 1175 1185 1184
f 1176 1177 1186
f 1176 1186 1185
f 1177 864 875
f 1177 875 1186
f 1090 1178 1187
f 1090 1187 1100
f 1178 1179 1188
f 1178 1188 1187
f 1179 1180 1189
f 1179 1189 1188
f 1180 1181 1190
f 1180 1190 1189
f 1181 1182 1191
f 1181 1191 1190
f 1182 1183 1192
f 1182 1192 1191
f 1183 1184 1193
f 1183 1193 1192
f 1184 1185 1194
f 1184 1194 1193
f 1185 1186 1195
f 1185 1195 1194
f 1186 875 886
f 1186 886 1195
f 1100 1187 1196
f 1100 1196 1110
f 1187 1188 1197
f 1187 1197 1196
f 1188 1189 1198
f 1188 1198 1197
f 1189 1190 1199
f 1189 1199 1198
f 1190 1191 1200
f 1190 1200 1199
f 1191 1192 1201
f 1191 1201 1200
f 1192 1193 1202
f 1192 1202 1201
f 1193 1194 1203
f 1193 1203 1202
f 1194 1195 1204
f 1194 1204 1203
f 1195 886 897
f 1195 897 1204
f 1110 1196 1205
f 1110 1205 1120
f 1196 1197 1206
f 1196 1206 1205
f 1197 1198 1207
f 1197 1207 1206
f 1198 1199 1208
f 1198 1208 1207
f 1199 1200 1209
f 1199 1209 1208
f 1200 1201 1210
f 1200 1210 1209
f 1201 1202 1211
f 1201 1211 1210
f 1202 1203 1212
f 1202 1212 1211
f 1203 1204 1213
f 1203 1213 1212
f 1204 897 908
f 1204 908 1213
f 1120 1205 1214
f 1120 1214 1130
f 1205 1206 1215
f 1205 1215 1214
f 1206 1207 1216
f 1206 1216 1215
f 1207 1208 1217
f 1207 1217 1216
f 1208 1209 1218
f 1208 1218 1217
f 1209 1210 1219
f 1209 1219 1218
f 1210 1211 1220
f 1210 1220 1219
f 1211 1212 1221
f 1211 1221 1220
f 1212 1213 1222
f 1212 1222 1221
f 1213 908 919
f 1213 919 1222
f 1130 1214 1223
f 1130 1223 1140
f 1214 1215 1224
f 1214 1224 1223
f 1215 1216 1225
f 1215 1225 1224
f 1216 1217 1226
f 1216 1226 1225
f 1217 1218 1227
f 1217 1227 1226
f 1218 1219 1228
f 1218 1228 1227
f 1219 1220 1229
f 1219 1229 1228
f 1220 1221 1230
f 1220 1230 1229
f 1221 1222 1231
f 1221 1231 1230
f 1222 919 930
f 1222 930 1231
f 1140 1223 1232
f 1140 1232 1150
f 1223 1224 1233
f 1223 1233 1232
f 1224 1225 1234
f 1224 1234 1233
f 1225 1226 1235
f 1225 1235 1234
f 1226 1227 1236
f 1226 1236 1235
f 1227 1228 1237
f 1227 1237 1236
f 1228 1229 1238
f 1228 1238 1237
f 1229 1230 1239
f 1229 1239 1238
f 1230 1231 1240
f 1230 1240 1239
f 1231 930 941
f 1231 941 1240
f 1241 1242 1243
f 1241 1243 1244
f 1242 1245 1246
f 1242 1246 1243
f 1245 1247 1248
f 1245 1248 1246
f 1247 1249 1250
f 1247 1250 1248
f 1249 1251 1252
f 1249 1252 1250
f 1251 1253 1254
f 1251 1254 1252
f 1253 1255 1256
f 1253 1256 1254
f 1255 1257 1258
f 1255 1258 1256
f 1257 1259 1260
f 1257 1260 1258
f 1259 1261 1262
f 1259 1262 1260
f 1244 1243 1263
f 1244 1263 1264
f 1243 1246 1265
f 1243 1265 1263
f 1246 1248 1266
f 1246 1266 1265
f 1248 1250 1267
f 1248 1267 1266
f 1250 1252 1268
f 1250 1268 1267
f 1252 1254 1269
f 1252 1269 1268
f 1254 1256 1270
f 1254 1270 1269
f 1256 1258 1271
f 1256 1271 1270
f 1258 1260 1272
f 1258 1272 1271
f 1260 1262 1273
f 1260 1273 1272
f 1264 1263 1274
f 1264 1274 1275
f 1263 1265 1276
f 1263 1276 1274
f 1265 1266 1277
f 1265 1277 1276
f 1266 1267 1278
f 1266 1278 1277
f 1267 1268 1279
f 1267 1279 1278
f 1268 1269 1280
f 1268 1280 1279
f 1269 1270 1281
f 1269 1281 1280
f 1270 1271 1282
f 1270 1282 1281
f 1271 1272 1283
f 1271 1283 1282
f 1272 1273 1284
f 1272 1284 1283
f 1275 1274 1285
f 1275 1285 1286
f 1274 1276 1287
f 1274 1287 1285
f 1276 1277 1288
f 1276 1288 1287
f 1277 1278 1289
f 1277 1289 1288
f 1278 1279 1290
f 1278 1290 1289
f 1279 1280 1291
f 1279 1291 1290
f 1280 1281 1292
f 1280 1292 1291
f 1281 1282 1293
f 1281 1293 1292
f 1282 1283 1294
f 1282 1294 1293
f 1283 1284 1295
f 1283 1295 1294
f 1286 1285 1296
f 1286 1296 1297
f 1285 1287 1298
f 1285 1298 1296
f 1287 1288 1299
f 1287 1299 1298
f 1288 1289 1300
f 1288 1300 1299
f 1289 1290 1301
f 1289 1301 1300
f 1290 1291 1302
f 1290 1302 1301
f 1291 1292 1303
f 1291 1303 1302
f 1292 1293 1304
f 1292 1304 1303
f 1293 1294 1305
f 1293 1305 1304
f 1294 1295 1306
f 1294 1306 1305
f 1297 1296 1307
f 1297 1307 1308
f 1296 1298 1309
f 1296 1309 1307
f 1298 1299 1310
f 1298 1310 1309
f 1299 1300 1311
f 1299 1311 1310
f 1300 1301 1312
f 1300 1312 1311
f 1301 1302 1313
f 1301 1313 1312
f 1302 1303 1314
f 1302 1314 1313
f 1303 1304 1315
f 1303 1315 1314
f 1304 1305 1316
f 1304 1316 1315
f 1305 1306 1317
f 1305 1317 1316
f 1308 1307 1318
f 1308 1318 1319
f 1307 1309 1320
f 1307 1320 1318
f 1309 1310 1321
f 1309 1321 1320
f 1310 1311 1322
f 1310 1322 1321
f 1311 1312 1323
f 1311 1323 1322
f 1312 1313 1324
f 1312 1324 1323
f 1313 1314 1325
f 1313 1325 1324
f 1314 1315 1326
f 1314 1326 1325
f 1315 1316 1327
f 1315 1327 1326
f 1316 1317 1328
f 1316 1328 1327
f 1319 1318 1329
f 1319 1329 1330
f 1318 1320 1331
f 1318 1331 1329
f 1320 1321 1332
f 1320 1332 1331
f 1321 1322 1333
f 1321 1333 1332
f 1322 1323 1334
f 1322 1334 1333
f 1323 1324 1335
f 1323 1335 1334
f 1324 1325 1336
f 1324 1336 1335
f 1325 1326 1337
f 1325 1337 1336
f 1326 1327 1338
f 1326 1338 1337
f 1327 1328 1339
f 1327 1339 1338
f 1330 1329 1340
f 1330 1340 1341
f 1329 1331 1342
f 1329 1342 1340
f 1331 1332 1343
f 1331 1343 1342
f 1332 1333 1344
f 1332 1344 1343
f 1333 1334 1345
f 1333 1345 1344
f 1334 1335 1346
f 1334 1346 1345
f 1335 1336 1347
f 1335 1347 1346
f 1336 1337 1348
f 1336 1348 1347
f 1337 1338 1349
f 1337 1349 1348
f 1338 1339 1350
f 1338 1350 1349
f 1341 1340 1351
f 1341 1351 1352
f 1340 1342 1353
f 1340 1353 1351
f 1342 1343 1354
f 1342 1354 1353
f 1343 1344 1355
f 1343 1355 1354
f 1344 1345 1356
f 1344 1356 1355
f 1345 1346 1357
f 1345 1357 1356
f 1346 1347 1358
f 1346 1358 1357
f 1347 1348 1359
f 1347 1359 1358
f 1348 1349 1360
f 1348 1360 1359
f 1349 1350 1361
f 1349 1361 1360
f 1261 1362 1363
f 1261 1363 1262
f 1362 1364 1365
f 1362 1365 1363
f 1364 1366 1367
f 1364 1367 1365
f 1366 1368 1369
f 1366 1369 1367
f 1368 1370 1371
f 1368 1371 1369
f 1370 1372 1373
f 1370 1373 1371
f 1372 1374 1375
f 1372 1375 1373
f 1374 1376 1377
f 1374 1377 1375
f 1376 1378 1379
f 1376 1379 1377
f 1378 1241 1244
f 1378 1244 1379
f 1262 1363 1380
f 1262 1380 1273
f 1363 1365 1381
f 1363 1381 1380
f 1365 1367 1382
f 1365 1382 1381
f 1367 1369 1383
f 1367 1383 1382
f 1369 1371 1384
f 1369 1384 1383
f 1371 1373 1385
f 1371 1385 1384
f 1373 1375 1386
f 1373 1386 1385
f 1375 1377 1387
f 1375 1387 1386
f 1377 1379 1388
f 1377 1388 1387
f 1379 1244 1264
f 1379 1264 1388
f 1273 1380 1389
f 1273 1389 1284
f 1380 1381 1390
f 1380 1390 1389
f 1381 1382 1391
f 1381 1391 1390
f 1382 1383 1392
f 1382 1392 1391
f 1383 1384 1393
f 1383 1393 1392
f 1384 1385 1394
f 1384 1394 1393
f 1385 1386 1395
f 1385 1395 1394
f 1386 1387 1396
f 1386 1396 1395
f 1387 1388 1397
f 1387 1397 1396
f 1388 1264 1275
f 1388 1275 1397
f 1284 1389 1398
f 1284 1398 1295
f 1389 1390 1399
f 1389 1399 1398
f 1390 1391 1400
f 1390 1400 1399
f 1391 1392 1401
f 1391 1401 1400
f 1392 1393 1402
f 1392 1402 1401
f 1393 1394 1403
f 1393 1403 1402
f 1394 1395 1404
f 1394 1404 1403
f 1395 1396 1405
f 1395 1405 1404
f 1396 1397 1406
f 1396 1406 1405
f 1397 1275 1286
f 1397 1286 1406
f 1295 1398 1407
f 1295 1407 1306
f 1398 1399 1408
f 1398 1408 1407
f 1399 1400 1409
f 1399 1409 1408
f 1400 1401 1410
f 1400 1410 1409
f 1401 1402 1411
f 1401 1411 1410
f 1402 1403 1412
f 1402 1412 1411
f 1403 1404 1413
f 1403 1413 1412
f 1404 1405 1414
f 1404 1414 1413
f 1405 1406 1415
f 1405 1415 1414
f 1406 1286 1297
f 1406 1297 1415
f 1306 1407 1416
f 1306 1416 1317
f 1407 1408 1417
f 1407 1417 1416
f 1408 1409 1418
f 1408 1418 1417
f 1409 1410 1419
f 1409 1419 1418
f 1410 1411 1420
f 1410 1420 1419
f 1411 1412 1421
f 1411 1421 1420
f 1412 1413 1422
f 1412 1422 1421
f 1413 1414 1423
f 1413 1423 1422
f 1414 1415 1424
f 1414 1424 1423
f 1415 1297 1308
f 1415 1308 1424
f 1317 1416 1425
f 1317 1425 1328
f 1416 1417 1426
f 1416 1426 1425
f 1417 1418 1427
f 1417 1427 1426
f 1418 1419 1428
f 1418 1428 1427
f 1419 1420 1429
f 1419 1429 1428
f 1420 1421 1430
f 1420 1430 1429
f 1421 1422 1431
f 1421 1431 1430
f 1422 1423 1432
f 1422 1432 1431
f 1423 1424 1433
f 1423 1433 1432
f 1424 1308 1319
f 1424 1319 1433
f 1328 1425 1434
f 1328 1434 1339
f 1425 1426 1435
f 1425 1435 1434
f 1426 1427 1436
f 1426 1436 1435
f 1427 1428 1437
f 1427 1437 1436
f 1428 1429 1438
f 1428 1438 1437
f 1429 1430 1439
f 1429 1439 1438
f 1430 1431 1440
f 1430 1440 1439
f 1431 1432 1441
f 1431 1441 1440
f 1432 1433 1442
f 1432 1442 1441
f 1433 1319 1330
f 1433 1330 1442
f 1339 1434 1443
f 1339 1443 1350
f 1434 1435 1444
f 1434 1444 1443
f 1435 1436 1445
f 1435 1445 1444
f 1436 1437 1446
f 1436 1446 1445
f 1437 1438 1447
f 1437 1447 1446
f 1438 1439 1448
f 1438 1448 1447
f 1439 1440 1449
f 1439 1449 1448
f 1440 1441 1450
f 1440 1450 1449
f 1441 1442 1451
f 1441 1451 1450
f 1442 1330 1341
f 1442 1341 1451
f 1350 1443 1452
f 1350 1452 1361
f 1443 1444 1453
f 1443 1453 1452
f 1444 1445 1454
f 1444 1454 1453
f 1445 1446 1455
f 1445 1455 1454
f 1446 1447 1456
f 1446 1456 1455
f 1447 1448 1457
f 1447 1457 1456
f 1448 1449 1458
f 1448 1458 1457
f 1449 1450 1459
f 1449 1459 1458
f 1450 1451 1460
f 1450 1460 1459
f 1451 1341 1352
f 1451 1352 1460
f 1352 1351 1461
f 1352 1461 1462
f 1351 1353 1463
f 1351 1463 1461
f 1353 1354 1464
f 1353 1464 1463
f 1354 1355 1465
f 1354 1465 1464
f 1355 1356 1466
f 1355 1466 1465
f 1356 1357 1467
f 1356 1467 1466
f 1357 1358 1468
f 1357 1468 1467
f 1358 1359 1469
f 1358 1469 1468
f 1359 1360 1470
f 1359 1470 1469
f 1360 1361 1471
f 1360 1471 1470
f 1462 1461 1472
f 1462 1472 1473
f 1461 1463 1474
f 1461 1474 1472
f 1463 1464 1475
f 1463 1475 1474
f 1464 1465 1476
f 1464 1476 1475
f 1465 1466 1477
f 1465 1477 1476
f 1466 1467 1478
f 1466 1478 1477
f 1467 1468 1479
f 1467 1479 1478
f 1468 1469 1480
f 1468 1480 1479
f 1469 1470 1481
f 1469 1481 1480
f 1470 1471 1482
f 1470 1482 1481
f 1473 1472 1483
f 1473 1483 1484
f 1472 1474 1485
f 1472 1485 1483
f 1474 1475 1486
f 1474 1486 1485
f 1475 1476 1487
f 1475 1487 1486
f 1476 1477 1488
f 1476 1488 1487
f 1477 1478 1489
f 1477 1489 1488
f 1478 1479 1490
f 1478 1490 1489
f 1479 1480 1491
f 1479 1491 1490
f 1480 1481 1492
f 1480 1492 1491
f 1481 1482 1493
f 1481 1493 1492
f 1484 1483 1494
f 1484 1494 1495
f 1483 1485 1496
f 1483 1496 1494
f 1485 1486 1497
f 1485 1497 1496
f 1486 1487 1498
f 1486 1498 1497
f 1487 1488 1499
f 1487 1499 1498
f 1488 1489 1500
f 1488 1500 1499
f 1489 1490 1501
f 1489 1501 1500
f 1490 1491 1502
f 1490 1502 1501
f 1491 1492 1503
f 1491 1503 1502
f 1492 1493 1504
f 1492 1504 1503
f 1495 1494 1505
f 1495 1505 1506
f 1494 1496 1507
f 1494 1507 1505
f 1496 1497 1508
f 1496 1508 1507
f 1497 1498 1509
f 1497 1509 1508
f 1498 1499 1510
f 1498 1510 1509
f 1499 1500 1511
f 1499 1511 1510
f 1500 1501 1512
f 1500 1512 1511
f 1501 1502 1513
f 1501 1513 1512
f 1502 1503 1514
f 1502 1514 1513
f 1503 1504 1515
f 1503 1515 1514
f 1506 1505 1516
f 1506 1516 1517
f 1505 1507 1518
f 1505 1518 1516
f 1507 1508 1519
f 1507 1519 1518
f 1508 1509 1520
f 1508 1520 1519
f 1509 1510 1521
f 1509 1521 1520
f 1510 1511 1522
f 1510 1522 1521
f 1511 1512 1523
f 1511 1523 1522
f 1512 1513 1524
f 1512 1524 1523
f 1513 1514 1525
f 1513 1525 1524
f 1514 1515 1526
f 1514 1526 1525
f 1517 1516 1527
f 1517 1527 1528
f 1516 1518 1529
f 1516 1529 1527
f 1518 1519 1530
f 1518 1530 1529
f 1519 1520 1531
f 1519 1531 1530
f 1520 1521 1532
f 1520 1532 1531
f 1521 1522 1533
f 1521 1533 1532
f 1522 1523 1534
f 1522 1534 1533
f 1523 1524 1535
f 1523 1535 1534
f 1524 1525 1536
f 1524 1536 1535
f 1525 1526 1537
f 1525 1537 1536
f 1528 1527 1538
f 1528 1538 1539
f 1527 1529 1540
f 1527 1540 1538
f 1529 1530 1541
f 1529 1541 1540
f 1530 1531 1542
f 1530 1542 1541
f 1531 1532 1543
f 1531 1543 1542
f 1532 1533 1544
f 1532 1544 1543
f 1533 1534 1545
f 1533 1545 1544
f 1534 1535 1546
f 1534 1546 1545
f 1535 1536 1547
f 1535 1547 1546
f 1536 1537 1548
f 1536 1548 1547
f 1539 1538 1549
f 1539 1549 1550
f 1538 1540 1551
f 1538 1551 1549
f 1540 1541 1552
f 1540 1552 1551
f 1541 1542 1553
f 1541 1553 1552
f 1542 1543 1554
f 1542 1554 1553
f 1543 1544 1555
f 1543 1555 1554
f 1544 1545 1556
f 1544 1556 1555
f 1545 1546 1557
f 1545 1557 1556
f 1546 1547 1558
f 1546 1558 1557
f 1547 1548 1559
f 1547 1559 1558
f 1550 1549 1560
f 1550 1560 650
f 1549 1551 1561
f 1549 1561 1560
f 1551 1552 1562
f 1551 1562 1561
f 1552 1553 1563
f 1552 1563 1562
f 1553 1554 1564
f 1553 1564 1563
f 1554 1555 1565
f 1554 1565 1564
f 1555 1556 1566
f 1555 1566 1565
f 1556 1557 1567
f 1556 1567 1566
f 1557 1558 1568
f 1557 1568 1567
f 1558 1559 1569
f 1558 1569 1568
f 1361 1452 1570
f 1361 1570 1471
f 1452 1453 1571
f 1452 1571 1570
f 1453 1454 1572
f 1453 1572 1571
f 1454 1455 1573
f 1454 1573 1572
f 1455 1456 1574
f 1455 1574 1573
f 1456 1457 1575
f 1456 1575 1574
f 1457 1458 1576
f 1457 1576 1575
f 1458 1459 1577
f 1458 1577 1576
f 1459 1460 1578
f 1459 1578 1577
f 1460 1352 1462
f 1460 1462 1578
f 1471 1570 1579
f 1471 1579 1482
f 1570 1571 1580
f 1570 1580 1579
f 1571 1572 1581
f 1571 1581 1580
f 1572 1573 1582
f 1572 1582 1581
f 1573 1574 1583
f 1573 1583 1582
f 1574 1575 1584
f 1574 1584 1583
f 1575 1576 1585
f 1575 1585 1584
f 1576 1577 1586
f 1576 1586 1585
f 1577 1578 1587
f 1577 1587 1586
f 1578 1462 1473
f 1578 1473 1587
f 1482 1579 1588
f 1482 1588 1493
f 1579 1580 1589
f 1579 1589 1588
f 1580 1581 1590
f 1580 1590 1589
f 1581 1582 1591
f 1581 1591 1590
f 1582 1583 1592
f 1582 1592 1591
f 1583 1584 1593
f 1583 1593 1592
f 1584 1585 1594
f 1584 1594 1593
f 1585 1586 1595
f 1585 1595 1594
f 1586 1587 1596
f 1586 1596 1595
f 1587 1473 1484
f 1587 1484 1596
f 1493 1588 1597
f 1493 1597 1504
f 1588 1589 1598
f 1588 1598 1597
f 1589 1590 1599
f 1589 1599 1598
f 1590 1591 1600
f 1590 1600 1599
f 1591 1592 1601
f 1591 1601 1600
f 1592 1593 1602
f 1592 1602 1601
f 1593 1594 1603
f 1593 1603 1602
f 1594 1595 1604
f 1594 1604 1603
f 1595 1596 1605
f 1595 1605 1604
f 1596 1484 1495
f 1596 1495 1605
f 1504 1597 1606
f 1504 1606 1515
f 1597 1598 1607
f 1597 1607 1606
f 1598 1599 1608
f 1598 1608 1607
f 1599 1600 1609
f 1599 1609 1608
f 1600 1601 1610
f 1600 1610 1609
f 1601 1602 1611
f 1601 1611 1610
f 1602 1603 1612
f 1602 1612 1611
f 1603 1604 1613
f 1603 1613 1612
f 1604 1605 1614
f 1604 1614 1613
f 1605 1495 1506
f 1605 1506 1614
f 1515 1606 1615
f 1515 1615 1526
f 1606 1607 1616
f 1606 1616 1615
f 1607 1608 1617
f 1607 1617 1616
f 1608 1609 1618
f 1608 1618 1617
f 1609 1610 1619
f 1609 1619 1618
f 1610 1611 1620
f 1610 1620 1619
f 1611 1612 1621
f 1611 1621 1620
f 1612 1613 1622
f 1612 1622 1621
f 1613 1614 1623
f 1613 1623 1622
f 1614 1506 1517
f 1614 1517 1623
f 1526 1615 1624
f 1526 1624 1537
f 1615 1616 1625
f 1615 1625 1624
f 1616 1617 1626
f 1616 1626 1625
f 1617 1618 1627
f 1617 1627 1626
f 1618 1619 1628
f 1618 1628 1627
f 1619 1620 1629
f 1619 1629 1628
f 1620 1621 1630
f 1620 1630 1629
f 1621 1622 1631
f 1621 1631 1630
f 1622 1623 1632
f 1622 1632 1631
f 1623 1517 1528
f 1623 1528 1632
f 1537 1624 1633
f 1537 1633 1548
f 1624 1625 1634
f 1624 1634 1633
f 1625 1626 1635
f 1625 1635 1634
f 1626 1627 1636
f 1626 1636 1635
f 1627 1628 1637
f 1627 1637 1636
f 1628 1629 1638
f 1628 1638 1637
f 1629 1630 1639
f 1629 1639 1638
f 1630 1631 1640
f 1630 1640 1639
f 1631 1632 1641
f 1631 1641 1640
f 1632 1528 1539
f 1632 1539 1641
f 1548 1633 1642
f 1548 1642 1559
f 1633 1634 1643
f 1633 1643 1642
f 1634 1635 1644
f 1634 1644 1643
f 1635 1636 1645
f 1635 1645 1644
f 1636 1637 1646
f 1636 1646 1645
f 1637 1638 1647
f 1637 1647 1646
f 1638 1639 1648
f 1638 1648 1647
f 1639 1640 1649
f 1639 1649 1648
f 1640 1641 1650
f 1640 1650 1649
f 1641 1539 1550
f 1641 1550 1650
f 1559 1642 1651
f 1559 1651 1569
f 1642 1643 1652
f 1642 1652 1651
f 1643 1644 1653
f 1643 1653 1652
f 1644 1645 1654
f 1644 1654 1653
f 1645 1646 1655
f 1645 1655 1654
f 1646 1647 1656
f 1646 1656 1655
f 1647 1648 1657
f 1647 1657 1656
f 1648 1649 1658
f 1648 1658 1657
f 1649 1650 1659
f 1649 1659 1658
f 1650 1550 650
f 1650 650 1659
f 1660 1661 1662
f 1660 1662 1663
f 1661 1664 1665
f 1661 1665 1662
f 1664 1666 1667
f 1664 1667 1665
f 1666 1668 1669
f 1666 1669 1667
f 1668 1670 1671
f 1668 1671 1669
f 1670 1672 1673
f 1670 1673 1671
f 1672 1674 1675
f 1672 1675 1673
f 1674 1676 1677
f 1674 1677 1675
f 1676 1678 1679
f 1676 1679 1677
f 1678 1680 1681
f 1678 1681 1679
f 1663 1662 1682
f 1663 1682 1683
f 1662 1665 1684
f 1662 1684 1682
f 1665 1667 1685
f 1665 1685 1684
f 1667 1669 1686
f 1667 1686 1685
f 1669 1671 1687
f 1669 1687 1686
f 1671 1673 1688
f 1671 1688 1687
f 1673 1675 1689
f 1673 1689 1688
f 1675 1677 1690
f 1675 1690 1689
f 1677 1679 1691
f 1677 1691 1690
f 1679 1681 1692
f 1679 1692 1691
f 1683 1682 1693
f 1683 1693 1694
f 1682 1684 1695
f 1682 1695 1693
f 1684 1685 1696
f 1684 1696 1695
f 1685 1686 1697
f 1685 1697 1696
f 1686 1687 1698
f 1686 1698 1697
f 1687 1688 1699
f 1687 1699 1698
f 1688 1689 1700
f 1688 1700 1699
f 1689 1690 1701
f 1689 1701 1700
f 1690 1691 1702
f 1690 1702 1701
f 1691 1692 1703
f 1691 1703 1702
f 1694 1693 1704
f 1694 1704 1705
f 1693 1695 1706
f 1693 1706 1704
f 1695 1696 1707
f 1695 1707 1706
f 1696 1697 1708
f 1696 1708 1707
f 1697 1698 1709
f 1697 1709 1708
f 1698 1699 1710
f 1698 1710 1709
f 1699 1700 1711
f 1699 1711 1710
f 1700 1701 1712
f 1700 1712 1711
f 1701 1702 1713
f 1701 1713 1712
f 1702 1703 1714
f 1702 1714 1713
f 1705 1704 1715
f 1705 1715 1716
f 1704 1706 1717
f 1704 1717 1715
f 1706 1707 1718
f 1706 1718 1717
f 1707 1708 1719
f 1707 1719 1718
f 1708 1709 1720
f 1708 1720 1719
f 1709 1710 1721
f 1709 1721 1720
f 1710 1711 1722
f 1710 1722 1721
f 1711 1712 1723
f 1711 1723 1722
f 1712 1713 1724
f 1712 1724 1723
f 1713 1714 1725
f 1713 1725 1724
f 1716 1715 1726
f 1716 1726 1727
f 1715 1717 1728
f 1715 1728 1726
f 1717 1718 1729
f 1717 1729 1728
f 1718 1719 1730
f 1718 1730 1729
f 1719 1720 1731
f 1719 1731 1730
f 1720 1721 1732
f 1720 1732 1731
f 1721 1722 1733
f 1721 1733 1732
f 1722 1723 1734
f 1722 1734 1733
f 1723 1724 1735
f 1723 1735 1734
f 1724 1725 1736
f 1724 1736 1735
f 1727 1726 1737
f 1727 1737 1738
f 1726 1728 1739
f 1726 1739 1737
f 1728 1729 1740
f 1728 1740 1739
f 1729 1730 1741
f 1729 1741 1740
f 1730 1731 1742
f 1730 1742 1741
f 1731 1732 1743
f 1731 1743 1742
f 1732 1733 1744
f 1732 1744 1743
f 1733 1734 1745
f 1733 1745 1744
f 1734 1735 1746
f 1734 1746 1745
f 1735 1736 1747
f 1735 1747 1746
f 1738 1737 1748
f 1738 1748 1749
f 1737 1739 1750
f 1737 1750 1748
f 1739 1740 1751
f 1739 1751 1750
f 1740 1741 1752
f 1740 1752 1751
f 1741 1742 1753
f 1741 1753 1752
f 1742 1743 1754
f 1742 1754 1753
f 1743 1744 1755
f 1743 1755 1754
f 1744 1745 1756
f 1744 1756 1755
f 1745 1746 1757
f 1745 1757 1756
f 1746 1747 1758
f 1746 1758 1757
f 1749 1748 1759
f 1749 1759 1760
f 1748 1750 1761
f 1748 1761 1759
f 1750 1751 1762
f 1750 1762 1761
f 1751 1752 1763
f 1751 1763 1762
f 1752 1753 1764
f 1752 1764 1763
f 1753 1754 1765
f 1753 1765 1764
f 1754 1755 1766
f 1754 1766 1765
f 1755 1756 1767
f 1755 1767 1766
f 1756 1757 1768
f 1756 1768 1767
f 1757 1758 1769
f 1757 1769 1768
f 1760 1759 1770
f 1760 1770 1771
f 1759 1761 1772
f 1759 1772 1770
f 1761 1762 1773
f 1761 1773 1772
f 1762 1763 1774
f 1762 1774 1773
f 1763 1764 1775
f 1763 1775 1774
f 1764 1765 1776
f 1764 1776 1775
f 1765 1766 1777
f 1765 1777 1776
f 1766 1767 1778
f 1766 1778 1777
f 1767 1768 1779
f 1767 1779 1778
f 1768 1769 1780
f 1768 1780 1779
f 1680 1781 1782
f 1680 1782 1681
f 1781 1783 1784
f 1781 1784 1782
f 1783 1785 1786
f 1783 1786 1784
f 1785 1787 1788
f 1785 1788 1786
f 1787 1789 1790
f 1787 1790 1788
f 1789 1791 1792
f 1789 1792 1790
f 1791 1793 1794
f 1791 1794 1792
f 1793 1795 1796
f 1793 1796 1794
f 1795 1797 1798
f 1795 1798 1796
f 1797 1660 1663
f 1797 1663 1798
f 1681 1782 1799
f 1681 1799 1692
f 1782 1784 1800
f 1782 1800 1799
f 1784 1786 1801
f 1784 1801 1800
f 1786 1788 1802
f 1786 1802 1801
f 1788 1790 1803
f 1788 1803 1802
f 1790 1792 1804
f 1790 1804 1803
f 1792 1794 1805
f 1792 1805 1804
f 1794 1796 1806
f 1794 1806 1805
f 1796 1798 1807
f 1796 1807 1806
f 1798 1663 1683
f 1798 1683 1807
f 1692 1799 1808
f 1692 1808 1703
f 1799 1800 1809
f 1799 1809 1808
f 1800 1801 1810
f 1800 1810 1809
f 1801 1802 1811
f 1801 1811 1810
f 1802 1803 1812
f 1802 1812 1811
f 1803 1804 1813
f 1803 1813 1812
f 1804 1805 1814
f 1804 1814 1813
f 1805 1806 1815
f 1805 1815 1814
f 1806 1807 1816
f 1806 1816 1815
f 1807 1683 1694
f 1807 1694 1816
f 1703 1808 1817
f 1703 1817 1714
f 1808 1809 1818
f 1808 1818 1817
f 1809 1810 1819
f 1809 1819 1818
f 1810 1811 1820
f 1810 1820 1819
f 1811 1812 1821
f 1811 1821 1820
f 1812 1813 1822
f 1812 1822 1821
f 1813 1814 1823
f 1813 1823 1822
f 1814 1815 1824
f 1814 1824 1823
f 1815 1816 1825
f 1815 1825 1824
f 1816 1694 1705
f 1816 1705 1825
f 1714 1817 1826
f 1714 1826 1725
f 1817 1818 1827
f 1817 1827 1826
f 1818 1819 1828
f 1818 1828 1827
f 1819 1820 1829
f 1819 1829 1828
f 1820 1821 1830
f 1820 1830 1829
f 1821 1822 1831
f 1821 1831 1830
f 1822 1823 1832
f 1822 1832 1831
f 1823 1824 1833
f 1823 1833 1832
f 1824 1825 1834
f 1824 1834 1833
f 1825 1705 1716
f 1825 1716 1834
f 1725 1826 1835
f 1725 1835 1736
f 1826 1827 1836
f 1826 1836 1835
f 1827 1828 1837
f 1827 1837 1836
f 1828 1829 1838
f 1828 1838 1837
f 1829 1830 1839
f 1829 1839 1838
f 1830 1831 1840
f 1830 1840 1839
f 1831 1832 1841
f 1831 1841 1840
f 1832 1833 1842
f 1832 1842 1841
f 1833 1834 1843
f 1833 1843 1842
f 1834 1716 1727
f 1834 1727 1843
f 1736 1835 1844
f 1736 1844 1747
f 1835 1836 1845
f 1835 1845 1844
f 1836 1837 1846
f 1836 1846 1845
f 1837 1838 1847
f 1837 1847 1846
f 1838 1839 1848
f 1838 1848 1847
f 1839 1840 1849
f 1839 1849 1848
f 1840 1841 1850
f 1840 1850 1849
f 1841 1842 1851
f 1841 1851 1850
f 1842 1843 1852
f 1842 1852 1851
f 1843 1727 1738
f 1843 1738 1852
f 1747 1844 1853
f 1747 1853 1758
f 1844 1845 1854
f 1844 1854 1853
f 1845 1846 1855
f 1845 1855 1854
f 1846 1847 1856
f 1846 1856 1855
f 1847 1848 1857
f 1847 1857 1856
f 1848 1849 1858
f 1848 1858 1857
f 1849 1850 1859
f 1849 1859 1858
f 1850 1851 1860
f 1850 1860 1859
f 1851 1852 1861
f 1851 1861 1860
f 1852 1738 1749
f 1852 1749 1861
f 1758 1853 1862
f 1758 1862 1769
f 1853 1854 1863
f 1853 1863 1862
f 1854 1855 1864
f 1854 1864 1863
f 1855 1856 1865
f 1855 1865 1864
f 1856 1857 1866
f 1856 1866 1865
f 1857 1858 1867
f 1857 1867 1866
f 1858 1859 1868
f 1858 1868 1867
f 1859 1860 1869
f 1859 1869 1868
f 1860 1861 1870
f 1860 1870 1869
f 1861 1749 1760
f 1861 1760 1870
f 1769 1862 1871
f 1769 1871 1780
f 1862 1863 1872
f 1862 1872 1871
f 1863 1864 1873
f 1863 1873 1872
f 1864 1865 1874
f 1864 1874 1873
f 1865 1866 1875
f 1865 1875 1874
f 1866 1867 1876
f 1866 1876 1875
f 1867 1868 1877
f 1867 1877 1876
f 1868 1869 1878
f 1868 1878 1877
f 1869 1870 1879
f 1869 1879 1878
f 1870 1760 1771
f 1870 1771 1879
f 1771 1770 1880
f 1771 1880 1881
f 1770 1772 1882
f 1770 1882 1880
f 1772 1773 1883
f 1772 1883 1882
f 1773 1774 1884
f 1773 1884 1883
f 1774 1775 1885
f 1774 1885 1884
f 1775 1776 1886
f 1775 1886 1885
f 1776 1777 1887
f 1776 1887 1886
f 1777 1778 1888
f 1777 1888 1887
f 1778 1779 1889
f 1778 1889 1888
f 1779 1780 1890
f 1779 1890 1889
f 1881 1880 1891
f 1881 1891 1892
f 1880 1882 1893
f 1880 1893 1891
f 1882 1883 1894
f 1882 1894 1893
f 1883 1884 1895
f 1883 1895 1894
f 1884 1885 1896
f 1884 1896 1895
f 1885 1886 1897
f 1885 1897 1896
f 1886 1887 1898
f 1886 1898 1897
f 1887 1888 1899
f 1887 1899 1898
f 1888 1889 1900
f 1888 1900 1899
f 1889 1890 1901
f 1889 1901 1900
f 1892 1891 1902
f 1892 1902 1903
f 1891 1893 1904
f 1891 1904 1902
f 1893 1894 1905
f 1893 1905 1904
f 1894 1895 1906
f 1894 1906 1905
f 1895 1896 1907
f 1895 1907 1906
f 1896 1897 1908
f 1896 1908 1907
f 1897 1898 1909
f 1897 1909 1908
f 1898 1899 1910
f 1898 1910 1909
f 1899 1900 1911
f 1899 1911 1910
f 1900 1901 1912
f 1900 1912 1911
f 1903 1902 1913
f 1903 1913 1914
f 1902 1904 1915
f 1902 1915 1913
f 1904 1905 1916
f 1904 1916 1915
f 1905 1906 1917
f 1905 1917 1916
f 1906 1907 1918
f 1906 1918 1917
f 1907 1908 1919
f 1907 1919 1918
f 1908 1909 1920
f 1908 1920 1919
f 1909 1910 1921
f 1909 1921 1920
f 1910 1911 1922
f 1910 1922 1921
f 1911 1912 1923
f 1911 1923 1922
f 1914 1913 1924
f 1914 1924 1925
f 1913 1915 1926
f 1913 1926 1924
f 1915 1916 1927
f 1915 1927 1926
f 1916 1917 1928
f 1916 1928 1927
f 1917 1918 1929
f 1917 1929 1928
f 1918 1919 1930
f 1918 1930 1929
f 1919 1920 1931
f 1919 1931 1930
f 1920 1921 1932
f 1920 1932 1931
f 1921 1922 1933
f 1921 1933 1932
f 1922 1923 1934
f 1922 1934 1933
f 1925 1924 1935
f 1925 1935 1936
f 1924 1926 1937
f 1924 1937 1935
f 1926 1927 1938
f 1926 1938 1937
f 1927 1928 1939
f 1927 1939 1938
f 1928 1929 1940
f 1928 1940 1939
f 1929 1930 1941
f 1929 1941 1940
f 1930 1931 1942
f 1930 1942 1941
f 1931 1932 1943
f 1931 1943 1942
f 1932 1933 1944
f 1932 1944 1943
f 1933 1934 1945
f 1933 1945 1944
f 1936 1935 1946
f 1936 1946 1947
f 1935 1937 1948
f 1935 1948 1946
f 1937 1938 1949
f 1937 1949 1948
f 1938 1939 1950
f 1938 1950 1949
f 1939 1940 1951
f 1939 1951 1950
f 1940 1941 1952
f 1940 1952 1951
f 1941 1942 1953
f 1941 1953 1952
f 1942 1943 1954
f 1942 1954 1953
f 1943 1944 1955
f 1943 1955 1954
f 1944 1945 1956
f 1944 1956 1955
f 1947 1946 1957
f 1947 1957 1958
f 1946 1948 1959
f 1946 1959 1957
f 1948 1949 1960
f 1948 1960 1959
f 1949 1950 1961
f 1949 1961 1960
f 1950 1951 1962
f 1950 1962 1961
f 1951 1952 1963
f 1951 1963 1962
f 1952 1953 1964
f 1952 1964 1963
f 1953 1954 1965
f 1953 1965 1964
f 1954 1955 1966
f 1954 1966 1965
f 1955 1956 1967
f 1955 1967 1966
f 1958 1957 1968
f 1958 1968 1969
f 1957 1959 1970
f 1957 1970 1968
f 1959 1960 1971
f 1959 1971 1970
f 1960 1961 1972
f 1960 1972 1971
f 1961 1962 1973
f 1961 1973 1972
f 1962 1963 1974
f 1962 1974 1973
f 1963 1964 1975
f 1963 1975 1974
f 1964 1965 1976
f 1964 1976 1975
f 1965 1966 1977
f 1965 1977 1976
f 1966 1967 1978
f 1966 1978 1977
f 1969 1968 1979
f 1969 1979 1980
f 1968 1970 1981
f 1968 1981 1979
f 1970 1971 1982
f 1970 1982 1981
f 1971 1972 1983
f 1971 1983 1982
f 1972 1973 1984
f 1972 1984 1983
f 1973 1974 1985
f 1973 1985 1984
f 1974 1975 1986
f 1974 1986 1985
f 1975 1976 1987
f 1975 1987 1986
f 1976 1977 1988
f 1976 1988 1987
f 1977 1978 1989
f 1977 1989 1988
f 1780 1871 1990
f 1780 1990 1890
f 1871 1872 1991
f 1871 1991 1990
f 1872 1873 1992
f 1872 1992 1991
f 1873 1874 1993
f 1873 1993 1992
f 1874 1875 1994
f 1874 1994 1993
f 1875 1876 1995
f 1875 1995 1994
f 1876 1877 1996
f 1876 1996 1995
f 1877 1878 1997
f 1877 1997 1996
f 1878 1879 1998
f 1878 1998 1997
f 1879 1771 1881
f 1879 1881 1998
f 1890 1990 1999
f 1890 1999 1901
f 1990 1991 2000
f 1990 2000 1999
f 1991 1992 2001
f 1991 2001 2000
f 1992 1993 2002
f 1992 2002 2001
f 1993 1994 2003
f 1993 2003 2002
f 1994 1995 2004
f 1994 2004 2003
f 1995 1996 2005
f 1995 2005 2004
f 1996 1997 2006
f 1996 2006 2005
f 1997 1998 2007
f 1997 2007 2006
f 1998 1881 1892
f 1998 1892 2007
f 1901 1999 2008
f 1901 2008 1912
f 1999 2000 2009
f 1999 2009 2008
f 2000 2001 2010
f 2000 2010 2009
f 2001 2002 2011
f 2001 2011 2010
f 2002 2003 2012
f 2002 2012 2011
f 2003 2004 2013
f 2003 2013 2012
f 2004 2005 2014
f 2004 2014 2013
f 2005 2006 2015
f 2005 2015 2014
f 2006 2007 2016
f 2006 2016 2015
f 2007 1892 1903
f 2007 1903 2016
f 1912 2008 2017
f 1912 2017 1923
f 2008 2009 2018
f 2008 2018 2017
f 2009 2010 2019
f 2009 2019 2018
f 2010 2011 2020
f 2010 2020 2019
f 2011 2012 2021
f 2011 2021 2020
f 2012 2013 2022
f 2012 2022 2021
f 2013 2014 2023
f 2013 2023 2022
f 2014 2015 2024
f 2014 2024 2023
f 2015 2016 2025
f 2015 2025 2024
f 2016 1903 1914
f 2016 1914 2025
f 1923 2017 2026
f 1923 2026 1934
f 2017 2018 2027
f 2017 2027 2026
f 2018 2019 2028
f 2018 2028 2027
f 2019 2020 2029
f 2019 2029 2028
f 2020 2021 2030
f 2020 2030 2029
f 2021 2022 2031
f 2021 2031 2030
f 2022 2023 2032
f 2022 2032 2031
f 2023 2024 2033
f 2023 2033 2032
f 2024 2025 2034
f 2024 2034 2033
f 2025 1914 1925
f 2025 1925 2034
f 1934 2026 2035
f 1934 2035 1945
f 2026 2027 2036
f 2026 2036 2035
f 2027 2028 2037
f 2027 2037 2036
f 2028 2029 2038
f 2028 2038 2037
f 2029 2030 2039
f 2029 2039 2038
f 2030 2031 2040
f 2030 2040 2039
f 2031 2032 2041
f 2031 2041 2040
f 2032 2033 2042
f 2032 2042 2041
f 2033 2034 2043
f 2033 2043 2042
f 2034 1925 1936
f 2034 1936 2043
f 1945 2035 2044
f 1945 2044 1956
f 2035 2036 2045
f 2035 2045 2044
f 2036 2037 2046
f 2036 2046 2045
f 2037 2038 2047
f 2037 2047 2046
f 2038 2039 2048
f 2038 2048 2047
f 2039 2040 2049
f 2039 2049 2048
f 2040 2041 2050
f 2040 2050 2049
f 2041 2042 2051
f 2041 2051 2050
f 2042 2043 2052
f 2042 2052 2051
f 2043 1936 1947
f 2043 1947 2052
f 1956 2044 2053
f 1956 2053 1967
f 2044 2045 2054
f 2044 2054 2053
f 2045 2046 2055
f 2045 2055 2054
f 2046 2047 2056
f 2046 2056 2055
f 2047 2048 2057
f 2047 2057 2056
f 2048 2049 2058
f 2048 2058 2057
f 2049 2050 2059
f 2049 2059 2058
f 2050 2051 2060
f 2050 2060 2059
f 2051 2052 2061
f 2051 2061 2060
f 2052 1947 1958
f 2052 1958 2061
f 1967 2053 2062
f 1967 2062 1978
f 2053 2054 2063
f 2053 2063 2062
f 2054 2055 2064
f 2054 2064 2063
f 2055 2056 2065
f 2055 2065 2064
f 2056 2057 2066
f 2056 2066 2065
f 2057 2058 2067
f 2057 2067 2066
f 2058 2059 2068
f 2058 2068 2067
f 2059 2060 2069
f 2059 2069 2068
f 2060 2061 2070
f 2060 2070 2069
f 2061 1958 1969
f 2061 1969 2070
f 1978 2062 2071
f 1978 2071 1989
f 2062 2063 2072
f 2062 2072 2071
f 2063 2064 2073
f 2063 2073 2072
f 2064 2065 2074
f 2064 2074 2073
f 2065 2066 2075
f 2065 2075 2074
f 2066 2067 2076
f 2066 2076 2075
f 2067 2068 2077
f 2067 2077 2076
f 2068 2069 2078
f 2068 2078 2077
f 2069 2070 2079
f 2069 2079 2078
f 2070 1969 1980
f 2070 1980 2079
f 2080 2081 2082
f 2080 2083 2081
f 2080 2084 2083
f 2080 2085 2084
f 2080 2086 2085
f 2080 2087 2086
f 2080 2088 2087
f 2080 2089 2088
f 2080 2090 2089
f 2080 2091 2090
f 2082 2081 2092
f 2082 2092 2093
f 2081 2083 2094
f 2081 2094 2092
f 2083 2084 2095
f 2083 2095 2094
f 2084 2085 2096
f 2084 2096 2095
f 2085 2086 2097
f 2085 2097 2096
f 2086 2087 2098
f 2086 2098 2097
f 2087 2088 2099
f 2087 2099 2098
f 2088 2089 2100
f 2088 2100 2099
f 2089 2090 2101
f 2089 2101 2100
f 2090 2091 2102
f 2090 2102 2101
f 2093 2092 2103
f 2093 2103 2104
f 2092 2094 2105
f 2092 2105 2103
f 2094 2095 2106
f 2094 2106 2105
f 2095 2096 2107
f 2095 2107 2106
f 2096 2097 2108
f 2096 2108 2107
f 2097 2098 2109
f 2097 2109 2108
f 2098 2099 2110
f 2098 2110 2109
f 2099 2100 2111
f 2099 2111 2110
f 2100 2101 2112
f 2100 2112 2111
f 2101 2102 2113
f 2101 2113 2112
f 2104 2103 2114
f 2104 2114 2115
f 2103 2105 2116
f 2103 2116 2114
f 2105 2106 2117
f 2105 2117 2116
f 2106 2107 2118
f 2106 2118 2117
f 2107 2108 2119
f 2107 2119 2118
f 2108 2109 2120
f 2108 2120 2119
f 2109 2110 2121
f 2109 2121 2120
f 2110 2111 2122
f 2110 2122 2121
f 2111 2112 2123
f 2111 2123 2122
f 2112 2113 2124
f 2112 2124 2123
f 2115 2114 2125
f 2115 2125 2126
f 2114 2116 2127
f 2114 2127 2125
f 2116 2117 2128
f 2116 2128 2127
f 2117 2118 2129
f 2117 2129 2128
f 2118 2119 2130
f 2118 2130 2129
f 2119 2120 2131
f 2119 2131 2130
f 2120 2121 2132
f 2120 2132 2131
f 2121 2122 2133
f 2121 2133 2132
f 2122 2123 2134
f 2122 2134 2133
f 2123 2124 2135
f 2123 2135 2134
f 2126 2125 2136
f 2126 2136 2137
f 2125 2127 2138
f 2125 2138 2136
f 2127 2128 2139
f 2127 2139 2138
f 2128 2129 2140
f 2128 2140 2139
f 2129 2130 2141
f 2129 2141 2140
f 2130 2131 2142
f 2130 2142 2141
f 2131 2132 2143
f 2131 2143 2142
f 2132 2133 2144
f 2132 2144 2143
f 2133 2134 2145
f 2133 2145 2144
f 2134 2135 2146
f 2134 2146 2145
f 2137 2136 2147
f 2137 2147 2148
f 2136 2138 2149
f 2136 2149 2147
f 2138 2139 2150
f 2138 2150 2149
f 2139 2140 2151
f 2139 2151 2150
f 2140 2141 2152
f 2140 2152 2151
f 2141 2142 2153
f 2141 2153 2152
f 2142 2143 2154
f 2142 2154 2153
f 2143 2144 2155
f 2143 2155 2154
f 2144 2145 2156
f 2144 2156 2155
f 2145 2146 2157
f 2145 2157 2156
f 2148 2147 2158
f 2148 2158 2159
f 2147 2149 2160
f 2147 2160 2158
f 2149 2150 2161
f 2149 2161 2160
f 2150 2151 2162
f 2150 2162 2161
f 2151 2152 2163
f 2151 2163 2162
f 2152 2153 2164
f 2152 2164 2163
f 2153 2154 2165
f 2153 2165 2164
f 2154 2155 2166
f 2154 2166 2165
f 2155 2156 2167
f 2155 2167 2166
f 2156 2157 2168
f 2156 2168 2167
f 2159 2158 2169
f 2159 2169 2170
f 2158 2160 2171
f 2158 2171 2169
f 2160 2161 2172
f 2160 2172 2171
f 2161 2162 2173
f 2161 2173 2172
f 2162 2163 2174
f 2162 2174 2173
f 2163 2164 2175
f 2163 2175 2174
f 2164 2165 2176
f 2164 2176 2175
f 2165 2166 2177
f 2165 2177 2176
f 2166 2167 2178
f 2166 2178 2177
f 2167 2168 2179
f 2167 2179 2178
f 2170 2169 2180
f 2170 2180 2181
f 2169 2171 2182
f 2169 2182 2180
f 2171 2172 2183
f 2171 2183 2182
f 2172 2173 2184
f 2172 2184 2183
f 2173 2174 2185
f 2173 2185 2184
f 2174 2175 2186
f 2174 2186 2185
f 2175 2176 2187
f 2175 2187 2186
f 2176 2177 2188
f 2176 2188 2187
f 2177 2178 2189
f 2177 2189 2188
f 2178 2179 2190
f 2178 2190 2189
f 2080 2191 2091
f 2080 2192 2191
f 2080 2193 2192
f 2080 2194 2193
f 2080 2195 2194
f 2080 2196 2195
f 2080 2197 2196
f 2080 2198 2197
f 2080 2199 2198
f 2080 2200 2199
f 2091 2191 2201
f 2091 2201 2102
f 2191 2192 2202
f 2191 2202 2201
f 2192 2193 2203
f 2192 2203 2202
f 2193 2194 2204
f 2193 2204 2203
f 2194 2195 2205
f 2194 2205 2204
f 2195 2196 2206
f 2195 2206 2205
f 2196 2197 2207
f 2196 2207 2206
f 2197 2198 2208
f 2197 2208 2207
f 2198 2199 2209
f 2198 2209 2208
f 2199 2200 2210
f 2199 2210 2209
f 2102 2201 2211
f 2102 2211 2113
f 2201 2202 2212
f 2201 2212 2211
f 2202 2203 2213
f 2202 2213 2212
f 2203 2204 2214
f 2203 2214 2213
f 2204 2205 2215
f 2204 2215 2214
f 2205 2206 2216
f 2205 2216 2215
f 2206 2207 2217
f 2206 2217 2216
f 2207 2208 2218
f 2207 2218 2217
f 2208 2209 2219
f 2208 2219 2218
f 2209 2210 2220
f 2209 2220 2219
f 2113 2211 2221
f 2113 2221 2124
f 2211 2212 2222
f 2211 2222 2221
f 2212 2213 2223
f 2212 2223 2222
f 2213 2214 2224
f 2213 2224 2223
f 2214 2215 2225
f 2214 2225 2224
f 2215 2216 2226
f 2215 2226 2225
f 2216 2217 2227
f 2216 2227 2226
f 2217 2218 2228
f 2217 2228 2227
f 2218 2219 2229
f 2218 2229 2228
f 2219 2220 2230
f 2219 2230 2229
f 2124 2221 2231
f 2124 2231 2135
f 2221 2222 2232
f 2221 2232 2231
f 2222 2223 2233
f 2222 2233 2232
f 2223 2224 2234
f 2223 2234 2233
f 2224 2225 2235
f 2224 2235 2234
f 2225 2226 2236
f 2225 2236 2235
f 2226 2227 2237
f 2226 2237 2236
f 2227 2228 2238
f 2227 2238 2237
f 2228 2229 2239
f 2228 2239 2238
f 2229 2230 2240
f 2229 2240 2239
f 2135 2231 2241
f 2135 2241 2146
f 2231 2232 2242
f 2231 2242 2241
f 2232 2233 2243
f 2232 2243 2242
f 2233 2234 2244
f 2233 2244 2243
f 2234 2235 2245
f 2234 2245 2244
f 2235 2236 2246
f 2235 2246 2245
f 2236 2237 2247
f 2236 2247 2246
f 2237 2238 2248
f 2237 2248 2247
f 2238 2239 2249
f 2238 2249 2248
f 2239 2240 2250
f 2239 2250 2249
f 2146 2241 2251
f 2146 2251 2157
f 2241 2242 2252
f 2241 2252 2251
f 2242 2243 2253
f 2242 2253 2252
f 2243 2244 2254
f 2243 2254 2253
f 2244 2245 2255
f 2244 2255 2254
f 2245 2246 2256
f 2245 2256 2255
f 2246 2247 2257
f 2246 2257 2256
f 2247 2248 2258
f 2247 2258 2257
f 2248 2249 2259
f 2248 2259 2258
f 2249 2250 2260
f 2249 2260 2259
f 2157 2251 2261
f 2157 2261 2168
f 2251 2252 2262
f 2251 2262 2261
f 2252 2253 2263
f 2252 2263 2262
f 2253 2254 2264
f 2253 2264 2263
f 2254 2255 2265
f 2254 2265 2264
f 2255 2256 2266
f 2255 2266 2265
f 2256 2257 2267
f 2256 2267 2266
f 2257 2258 2268
f 2257 2268 2267
f 2258 2259 2269
f 2258 2269 2268
f 2259 2260 2270
f 2259 2270 2269
f 2168 2261 2271
f 2168 2271 2179
f 2261 2262 2272
f 2261 2272 2271
f 2262 2263 2273
f 2262 2273 2272
f 2263 2264 2274
f 2263 2274 2273
f 2264 2265 2275
f 2264 2275 2274
f 2265 2266 2276
f 2265 2276 2275
f 2266 2267 2277
f 2266 2277 2276
f 2267 2268 2278
f 2267 2278 2277
f 2268 2269 2279
f 2268 2279 2278
f 2269 2270 2280
f 2269 2280 2279
f 2179 2271 2281
f 2179 2281 2190
f 2271 2272 2282
f 2271 2282 2281
f 2272 2273 2283
f 2272 2283 2282
f 2273 2274 2284
f 2273 2284 2283
f 2274 2275 2285
f 2274 2285 2284
f 2275 2276 2286
f 2275 2286 2285
f 2276 2277 2287
f 2276 2287 2286
f 2277 2278 2288
f 2277 2288 2287
f 2278 2279 2289
f 2278 2289 2288
f 2279 2280 2290
f 2279 2290 2289
f 2080 2291 2200
f 2080 2292 2291
f 2080 2293 2292
f 2080 2294 2293
f 2080 2295 2294
f 2080 2296 2295
f 2080 2297 2296
f 2080 2298 2297
f 2080 2299 2298
f 2080 2300 2299
f 2200 2291 2301
f 2200 2301 2210
f 2291 2292 2302
f 2291 2302 2301
f 2292 2293 2303
f 2292 2303 2302
f 2293 2294 2304
f 2293 2304 2303
f 2294 2295 2305
f 2294 2305 2304
f 2295 2296 2306
f 2295 2306 2305
f 2296 2297 2307
f 2296 2307 2306
f 2297 2298 2308
f 2297 2308 2307
f 2298 2299 2309
f 2298 2309 2308
f 2299 2300 2310
f 2299 2310 2309
f 2210 2301 2311
f 2210 2311 2220
f 2301 2302 2312
f 2301 2312 2311
f 2302 2303 2313
f 2302 2313 2312
f 2303 2304 2314
f 2303 2314 2313
f 2304 2305 2315
f 2304 2315 2314
f 2305 2306 2316
f 2305 2316 2315
f 2306 2307 2317
f 2306 2317 2316
f 2307 2308 2318
f 2307 2318 2317
f 2308 2309 2319
f 2308 2319 2318
f 2309 2310 2320
f 2309 2320 2319
f 2220 2311 2321
f 2220 2321 2230
f 2311 2312 2322
f 2311 2322 2321
f 2312 2313 2323
f 2312 2323 2322
f 2313 2314 2324
f 2313 2324 2323
f 2314 2315 2325
f 2314 2325 2324
f 2315 2316 2326
f 2315 2326 2325
f 2316 2317 2327
f 2316 2327 2326
f 2317 2318 2328
f 2317 2328 2327
f 2318 2319 2329
f 2318 2329 2328
f 2319 2320 2330
f 2319 2330 2329
f 2230 2321 2331
f 2230 2331 2240
f 2321 2322 2332
f 2321 2332 2331
f 2322 2323 2333
f 2322 2333 2332
f 2323 2324 2334
f 2323 2334 2333
f 2324 2325 2335
f 2324 2335 2334
f 2325 2326 2336
f 2325 2336 2335
f 2326 2327 2337
f 2326 2337 2336
f 2327 2328 2338
f 2327 2338 2337
f 2328 2329 2339
f 2328 2339 2338
f 2329 2330 2340
f 2329 2340 2339
f 2240 2331 2341
f 2240 2341 2250
f 2331 2332 2342
f 2331 2342 2341
f 2332 2333 2343
f 2332 2343 2342
f 2333 2334 2344
f 2333 2344 2343
f 2334 2335 2345
f 2334 2345 2344
f 2335 2336 2346
f 2335 2346 2345
f 2336 2337 2347
f 2336 2347 2346
f 2337 2338 2348
f 2337 2348 2347
f 2338 2339 2349
f 2338 2349 2348
f 2339 2340 2350
f 2339 2350 2349
f 2250 2341 2351
f 2250 2351 2260
f 2341 2342 2352
f 2341 2352 2351
f 2342 2343 2353
f 2342 2353 2352
f 2343 2344 2354
f 2343 2354 2353
f 2344 2345 2355
f 2344 2355 2354
f 2345 2346 2356
f 2345 2356 2355
f 2346 2347 2357
f 2346 2357 2356
f 2347 2348 2358
f 2347 2358 2357
f 2348 2349 2359
f 2348 2359 2358
f 2349 2350 2360
f 2349 2360 2359
f 2260 2351 2361
f 2260 2361 2270
f 2351 2352 2362
f 2351 2362 2361
f 2352 2353 2363
f 2352 2363 2362
f 2353 2354 2364
f 2353 2364 2363
f 2354 2355 2365
f 2354 2365 2364
f 2355 2356 2366
f 2355 2366 2365
f 2356 2357 2367
f 2356 2367 2366
f 2357 2358 2368
f 2357 2368 2367
f 2358 2359 2369
f 2358 2369 2368
f 2359 2360 2370
f 2359 2370 2369
f 2270 2361 2371
f 2270 2371 2280
f 2361 2362 2372
f 2361 2372 2371
f 2362 2363 2373
f 2362 2373 2372
f 2363 2364 2374
f 2363 2374 2373
f 2364 2365 2375
f 2364 2375 2374
f 2365 2366 2376
f 2365 2376 2375
f 2366 2367 2377
f 2366 2377 2376
f 2367 2368 2378
f 2367 2378 2377
f 2368 2369 2379
f 2368 2379 2378
f 2369 2370 2380
f 2369 2380 2379
f 2280 2371 2381
f 2280 2381 2290
f 2371 2372 2382
f 2371 2382 2381
f 2372 2373 2383
f 2372 2383 2382
f 2373 2374 2384
f 2373 2384 2383
f 2374 2375 2385
f 2374 2385 2384
f 2375 2376 2386
f 2375 2386 2385
f 2376 2377 2387
f 2376 2387 2386
f 2377 2378 2388
f 2377 2388 2387
f 2378 2379 2389
f 2378 2389 2388
f 2379 2380 2390
f 2379 2390 2389
f 2080 2391 2300
f 2080 2392 2391
f 2080 2393 2392
f 2080 2394 2393
f 2080 2395 2394
f 2080 2396 2395
f 2080 2397 2396
f 2080 2398 2397
f 2080 2399 2398
f 2080 2082 2399
f 2300 2391 2400
f 2300 2400 2310
f 2391 2392 2401
f 2391 2401 2400
f 2392 2393 2402
f 2392 2402 2401
f 2393 2394 2403
f 2393 2403 2402
f 2394 2395 2404
f 2394 2404 2403
f 2395 2396 2405
f 2395 2405 2404
f 2396 2397 2406
f 2396 2406 2405
f 2397 2398 2407
f 2397 2407 2406
f 2398 2399 2408
f 2398 2408 2407
f 2399 2082 2093
f 2399 2093 2408
f 2310 2400 2409
f 2310 2409 2320
f 2400 2401 2410
f 2400 2410 2409
f 2401 2402 2411
f 2401 2411 2410
f 2402 2403 2412
f 2402 2412 2411
f 2403 2404 2413
f 2403 2413 2412
f 2404 2405 2414
f 2404 2414 2413
f 2405 2406 2415
f 2405 2415 2414
f 2406 2407 2416
f 2406 2416 2415
f 2407 2408 2417
f 2407 2417 2416
f 2408 2093 2104
f 2408 2104 2417
f 2320 2409 2418
f 2320 2418 2330
f 2409 2410 2419
f 2409 2419 2418
f 2410 2411 2420
f 2410 2420 2419
f 2411 2412 2421
f 2411 2421 2420
f 2412 2413 2422
f 2412 2422 2421
f 2413 2414 2423
f 2413 2423 2422
f 2414 2415 2424
f 2414 2424 2423
f 2415 2416 2425
f 2415 2425 2424
f 2416 2417 2426
f 2416 2426 2425
f 2417 2104 2115
f 2417 2115 2426
f 2330 2418 2427
f 2330 2427 2340
f 2418 2419 2428
f 2418 2428 2427
f 2419 2420 2429
f 2419 2429 2428
f 2420 2421 2430
f 2420 2430 2429
f 2421 2422 2431
f 2421 2431 2430
f 2422 2423 2432
f 2422 2432 2431
f 2423 2424 2433
f 2423 2433 2432
f 2424 2425 2434
f 2424 2434 2433
f 2425 2426 2435
f 2425 2435 2434
f 2426 2115 2126
f 2426 2126 2435
f 2340 2427 2436
f 2340 2436 2350
f 2427 2428 2437
f 2427 2437 2436
f 2428 2429 2438
f 2428 2438 2437
f 2429 2430 2439
f 2429 2439 2438
f 2430 2431 2440
f 2430 2440 2439
f 2431 2432 2441
f 2431 2441 2440
f 2432 2433 2442
f 2432 2442 2441
f 2433 2434 2443
f 2433 2443 2442
f 2434 2435 2444
f 2434 2444 2443
f 2435 2126 2137
f 2435 2137 2444
f 2350 2436 2445
f 2350 2445 2360
f 2436 2437 2446
f 2436 2446 2445
f 2437 2438 2447
f 2437 2447 2446
f 2438 2439 2448
f 2438 2448 2447
f 2439 2440 2449
f 2439 2449 2448
f 2440 2441 2450
f 2440 2450 2449
f 2441 2442 2451
f 2441 2451 2450
f 2442 2443 2452
f 2442 2452 2451
f 2443 2444 2453
f 2443 2453 2452
f 2444 2137 2148
f 2444 2148 2453
f 2360 2445 2454
f 2360 2454 2370
f 2445 2446 2455
f 2445 2455 2454
f 2446 2447 2456
f 2446 2456 2455
f 2447 2448 2457
f 2447 2457 2456
f 2448 2449 2458
f 2448 2458 2457
f 2449 2450 2459
f 2449 2459 2458
f 2450 2451 2460
f 2450 2460 2459
f 2451 2452 2461
f 2451 2461 2460
f 2452 2453 2462
f 2452 2462 2461
f 2453 2148 2159
f 2453 2159 2462
f 2370 2454 2463
f 2370 2463 2380
f 2454 2455 2464
f 2454 2464 2463
f 2455 2456 2465
f 2455 2465 2464
f 2456 2457 2466
f 2456 2466 2465
f 2457 2458 2467
f 2457 2467 2466
f 2458 2459 2468
f 2458 2468 2467
f 2459 2460 2469
f 2459 2469 2468
f 2460 2461 2470
f 2460 2470 2469
f 2461 2462 2471
f 2461 2471 2470
f 2462 2159 2170
f 2462 2170 2471
f 2380 2463 2472
f 2380 2472 2390
f 2463 2464 2473
f 2463 2473 2472
f 2464 2465 2474
f 2464 2474 2473
f 2465 2466 2475
f 2465 2475 2474
f 2466 2467 2476
f 2466 2476 2475
f 2467 2468 2477
f 2467 2477 2476
f 2468 2469 2478
f 2468 2478 2477
f 2469 2470 2479
f 2469 2479 2478
f 2470 2471 2480
f 2470 2480 2479
f 2471 2170 2181
f 2471 2181 2480
f 2181 2180 2481
f 2181 2481 2482
f 2180 2182 2483
f 2180 2483 2481
f 2182 2183 2484
f 2182 2484 2483
f 2183 2184 2485
f 2183 2485 2484
f 2184 2185 2486
f 2184 2486 2485
f 2185 2186 2487
f 2185 2487 2486
f 2186 2187 2488
f 2186 2488 2487
f 2187 2188 2489
f 2187 2489 2488
f 2188 2189 2490
f 2188 2490 2489
f 2189 2190 2491
f 2189 2491 2490
f 2482 2481 2492
f 2482 2492 2493
f 2481 2483 2494
f 2481 2494 2492
f 2483 2484 2495
f 2483 2495 2494
f 2484 2485 2496
f 2484 2496 2495
f 2485 2486 2497
f 2485 2497 2496
f 2486 2487 2498
f 2486 2498 2497
f 2487 2488 2499
f 2487 2499 2498
f 2488 2489 2500
f 2488 2500 2499
f 2489 2490 2501
f 2489 2501 2500
f 2490 2491 2502
f 2490 2502 2501
f 2493 2492 2503
f 2493 2503 2504
f 2492 2494 2505
f 2492 2505 2503
f 2494 2495 2506
f 2494 2506 2505
f 2495 2496 2507
f 2495 2507 2506
f 2496 2497 2508
f 2496 2508 2507
f 2497 2498 2509
f 2497 2509 2508
f 2498 2499 2510
f 2498 2510 2509
f 2499 2500 2511
f 2499 2511 2510
f 2500 2501 2512
f 2500 2512 2511
f 2501 2502 2513
f 2501 2513 2512
f 2504 2503 2514
f 2504 2514 2515
f 2503 2505 2516
f 2503 2516 2514
f 2505 2506 2517
f 2505 2517 2516
f 2506 2507 2518
f 2506 2518 2517
f 2507 2508 2519
f 2507 2519 2518
f 2508 2509 2520
f 2508 2520 2519
f 2509 2510 2521
f 2509 2521 2520
f 2510 2511 2522
f 2510 2522 2521
f 2511 2512 2523
f 2511 2523 2522
f 2512 2513 2524
f 2512 2524 2523
f 2515 2514 2525
f 2515 2525 2526
f 2514 2516 2527
f 2514 2527 2525
f 2516 2517 2528
f 2516 2528 2527
f 2517 2518 2529
f 2517 2529 2528
f 2518 2519 2530
f 2518 2530 2529
f 2519 2520 2531
f 2519 2531 2530
f 2520 2521 2532
f 2520 2532 2531
f 2521 2522 2533
f 2521 2533 2532
f 2522 2523 2534
f 2522 2534 2533
f 2523 2524 2535
f 2523 2535 2534
f 2526 2525 2536
f 2526 2536 2537
f 2525 2527 2538
f 2525 2538 2536
f 2527 2528 2539
f 2527 2539 2538
f 2528 2529 2540
f 2528 2540 2539
f 2529 2530 2541
f 2529 2541 2540
f 2530 2531 2542
f 2530 2542 2541
f 2531 2532 2543
f 2531 2543 2542
f 2532 2533 2544
f 2532 2544 2543
f 2533 2534 2545
f 2533 2545 2544
f 2534 2535 2546
f 2534 2546 2545
f 2537 2536 2547
f 2537 2547 2548
f 2536 2538 2549
f 2536 2549 2547
f 2538 2539 2550
f 2538 2550 2549
f 2539 2540 2551
f 2539 2551 2550
f 2540 2541 2552
f 2540 2552 2551
f 2541 2542 2553
f 2541 2553 2552
f 2542 2543 2554
f 2542 2554 2553
f 2543 2544 2555
f 2543 2555 2554
f 2544 2545 2556
f 2544 2556 2555
f 2545 2546 2557
f 2545 2557 2556
f 2548 2547 2558
f 2548 2558 2559
f 2547 2549 2560
f 2547 2560 2558
f 2549 2550 2561
f 2549 2561 2560
f 2550 2551 2562
f 2550 2562 2561
f 2551 2552 2563
f 2551 2563 2562
f 2552 2553 2564
f 2552 2564 2563
f 2553 2554 2565
f 2553 2565 2564
f 2554 2555 2566
f 2554 2566 2565
f 2555 2556 2567
f 2555 2567 2566
f 2556 2557 2568
f 2556 2568 2567
f 2559 2558 2569
f 2559 2569 2570
f 2558 2560 2571
f 2558 2571 2569
f 2560 2561 2572
f 2560 2572 2571
f 2561 2562 2573
f 2561 2573 2572
f 2562 2563 2574
f 2562 2574 2573
f 2563 2564 2575
f 2563 2575 2574
f 2564 2565 2576
f 2564 2576 2575
f 2565 2566 2577
f 2565 2577 2576
f 2566 2567 2578
f 2566 2578 2577
f 2567 2568 2579
f 2567 2579 2578
f 2570 2569 2580
f 2570 2580 2581
f 2569 2571 2582
f 2569 2582 2580
f 2571 2572 2583
f 2571 2583 2582
f 2572 2573 2584
f 2572 2584 2583
f 2573 2574 2585
f 2573 2585 2584
f 2574 2575 2586
f 2574 2586 2585
f 2575 2576 2587
f 2575 2587 2586
f 2576 2577 2588
f 2576 2588 2587
f 2577 2578 2589
f 2577 2589 2588
f 2578 2579 2590
f 2578 2590 2589
f 2190 2281 2591
f 2190 2591 2491
f 2281 2282 2592
f 2281 2592 2591
f 2282 2283 2593
f 2282 2593 2592
f 2283 2284 2594
f 2283 2594 2593
f 2284 2285 2595
f 2284 2595 2594
f 2285 2286 2596
f 2285 2596 2595
f 2286 2287 2597
f 2286 2597 2596
f 2287 2288 2598
f 2287 2598 2597
f 2288 2289 2599
f 2288 2599 2598
f 2289 2290 2600
f 2289 2600 2599
f 2491 2591 2601
f 2491 2601 2502
f 2591 2592 2602
f 2591 2602 2601
f 2592 2593 2603
f 2592 2603 2602
f 2593 2594 2604
f 2593 2604 2603
f 2594 2595 2605
f 2594 2605 2604
f 2595 2596 2606
f 2595 2606 2605
f 2596 2597 2607
f 2596 2607 2606
f 2597 2598 2608
f 2597 2608 2607
f 2598 2599 2609
f 2598 2609 2608
f 2599 2600 2610
f 2599 2610 2609
f 2502 2601 2611
f 2502 2611 2513
f 2601 2602 2612
f 2601 2612 2611
f 2602 2603 2613
f 2602 2613 2612
f 2603 2604 2614
f 2603 2614 2613
f 2604 2605 2615
f 2604 2615 2614
f 2605 2606 2616
f 2605 2616 2615
f 2606 2607 2617
f 2606 2617 2616
f 2607 2608 2618
f 2607 2618 2617
f 2608 2609 2619
f 2608 2619 2618
f 2609 2610 2620
f 2609 2620 2619
f 2513 2611 2621
f 2513 2621 2524
f 2611 2612 2622
f 2611 2622 2621
f 2612 2613 2623
f 2612 2623 2622
f 2613 2614 2624
f 2613 2624 2623
f 2614 2615 2625
f 2614 2625 2624
f 2615 2616 2626
f 2615 2626 2625
f 2616 2617 2627
f 2616 2627 2626
f 2617 2618 2628
f 2617 2628 2627
f 2618 2619 2629
f 2618 2629 2628
f 2619 2620 2630
f 2619 2630 2629
f 2524 2621 2631
f 2524 2631 2535
f 2621 2622 2632
f 2621 2632 2631
f 2622 2623 2633
f 2622 2633 2632
f 2623 2624 2634
f 2623 2634 2633
f 2624 2625 2635
f 2624 2635 2634
f 2625 2626 2636
f 2625 2636 2635
f 2626 2627 2637
f 2626 2637 2636
f 2627 2628 2638
f 2627 2638 2637
f 2628 2629 2639
f 2628 2639 2638
f 2629 2630 2640
f 2629 2640 2639
f 2535 2631 2641
f 2535 2641 2546
f 2631 2632 2642
f 2631 2642 2641
f 2632 2633 2643
f 2632 2643 2642
f 2633 2634 2644
f 2633 2644 2643
f 2634 2635 2645
f 2634 2645 2644
f 2635 2636 2646
f 2635 2646 2645
f 2636 2637 2647
f 2636 2647 2646
f 2637 2638 2648
f 2637 2648 2647
f 2638 2639 2649
f 2638 2649 2648
f 2639 2640 2650
f 2639 2650 2649
f 2546 2641 2651
f 2546 2651 2557
f 2641 2642 2652
f 2641 2652 2651
f 2642 2643 2653
f 2642 2653 2652
f 2643 2644 2654
f 2643 2654 2653
f 2644 2645 2655
f 2644 2655 2654
f 2645 2646 2656
f 2645 2656 2655
f 2646 2647 2657
f 2646 2657 2656
f 2647 2648 2658
f 2647 2658 2657
f 2648 2649 2659
f 2648 2659 2658
f 2649 2650 2660
f 2649 2660 2659
f 2557 2651 2661
f 2557 2661 2568
f 2651 2652 2662
f 2651 2662 2661
f 2652 2653 2663
f 2652 2663 2662
f 2653 2654 2664
f 2653 2664 2663
f 2654 2655 2665
f 2654 2665 2664
f 2655 2656 2666
f 2655 2666 2665
f 2656 2657 2667
f 2656 2667 2666
f 2657 2658 2668
f 2657 2668 2667
f 2658 2659 2669
f 2658 2669 2668
f 2659 2660 2670
f 2659 2670 2669
f 2568 2661 2671
f 2568 2671 2579
f 2661 2662 2672
f 2661 2672 2671
f 2662 2663 2673
f 2662 2673 2672
f 2663 2664 2674
f 2663 2674 2673
f 2664 2665 2675
f 2664 2675 2674
f 2665 2666 2676
f 2665 2676 2675
f 2666 2667 2677
f 2666 2677 2676
f 2667 2668 2678
f 2667 2678 2677
f 2668 2669 2679
f 2668 2679 2678
f 2669 2670 2680
f 2669 2680 2679
f 2579 2671 2681
f 2579 2681 2590
f 2671 2672 2682
f 2671 2682 2681
f 2672 2673 2683
f 2672 2683 2682
f 2673 2674 2684
f 2673 2684 2683
f 2674 2675 2685
f 2674 2685 2684
f 2675 2676 2686
f 2675 2686 2685
f 2676 2677 2687
f 2676 2687 2686
f 2677 2678 2688
f 2677 2688 2687
f 2678 2679 2689
f 2678 2689 2688
f 2679 2680 2690
f 2679 2690 2689
f 2290 2381 2691
f 2290 2691 2600
f 2381 2382 2692
f 2381 2692 2691
f 2382 2383 2693
f 2382 2693 2692
f 2383 2384 2694
f 2383 2694 2693
f 2384 2385 2695
f 2384 2695 2694
f 2385 2386 2696
f 2385 2696 2695
f 2386 2387 2697
f 2386 2697 2696
f 2387 2388 2698
f 2387 2698 2697
f 2388 2389 2699
f 2388 2699 2698
f 2389 2390 2700
f 2389 2700 2699
f 2600 2691 2701
f 2600 2701 2610
f 2691 2692 2702
f 2691 2702 2701
f 2692 2693 2703
f 2692 2703 2702
f 2693 2694 2704
f 2693 2704 2703
f 2694 2695 2705
f 2694 2705 2704
f 2695 2696 2706
f 2695 2706 2705
f 2696 2697 2707
f 2696 2707 2706
f 2697 2698 2708
f 2697 2708 2707
f 2698 2699 2709
f 2698 2709 2708
f 2699 2700 2710
f 2699 2710 2709
f 2610 2701 2711
f 2610 2711 2620
f 2701 2702 2712
f 2701 2712 2711
f 2702 2703 2713
f 2702 2713 2712
f 2703 2704 2714
f 2703 2714 2713
f 2704 2705 2715
f 2704 2715 2714
f 2705 2706 2716
f 2705 2716 2715
f 2706 2707 2717
f 2706 2717 2716
f 2707 2708 2718
f 2707 2718 2717
f 2708 2709 2719
f 2708 2719 2718
f 2709 2710 2720
f 2709 2720 2719
f 2620 2711 2721
f 2620 2721 2630
f 2711 2712 2722
f 2711 2722 2721
f 2712 2713 2723
f 2712 2723 2722
f 2713 2714 2724
f 2713 2724 2723
f 2714 2715 2725
f 2714 2725 2724
f 2715 2716 2726
f 2715 2726 2725
f 2716 2717 2727
f 2716 2727 2726
f 2717 2718 2728
f 2717 2728 2727
f 2718 2719 2729
f 2718 2729 2728
f 2719 2720 2730
f 2719 2730 2729
f 2630 2721 2731
f 2630 2731 2640
f 2721 2722 2732
f 2721 2732 2731
f 2722 2723 2733
f 2722 2733 2732
f 2723 2724 2734
f 2723 2734 2733
f 2724 2725 2735
f 2724 2735 2734
f 2725 2726 2736
f 2725 2736 2735
f 2726 2727 2737
f 2726 2737 2736
f 2727 2728 2738
f 2727 2738 2737
f 2728 2729 2739
f 2728 2739 2738
f 2729 2730 2740
f 2729 2740 2739
f 2640 2731 2741
f 2640 2741 2650
f 2731 2732 2742
f 2731 2742 2741
f 2732 2733 2743
f 2732 2743 2742
f 2733 2734 2744
f 2733 2744 2743
f 2734 2735 2745
f 2734 2745 2744
f 2735 2736 2746
f 2735 2746 2745
f 2736 2737 2747
f 2736 2747 2746
f 2737 2738 2748
f 2737 2748 2747
f 2738 2739 2749
f 2738 2749 2748
f 2739 2740 2750
f 2739 2750 2749
f 2650 2741 2751
f 2650 2751 2660
f 2741 2742 2752
f 2741 2752 2751
f 2742 2743 2753
f 2742 2753 2752
f 2743 2744 2754
f 2743 2754 2753
f 2744 2745 2755
f 2744 2755 2754
f 2745 2746 2756
f 2745 2756 2755
f 2746 2747 2757
f 2746 2757 2756
f 2747 2748 2758
f 2747 2758 2757
f 2748 2749 2759
f 2748 2759 2758
f 2749 2750 2760
f 2749 2760 2759
f 2660 2751 2761
f 2660 2761 2670
f 2751 2752 2762
f 2751 2762 2761
f 2752 2753 2763
f 2752 2763 2762
f 2753 2754 2764
f 2753 2764 2763
f 2754 2755 2765
f 2754 2765 2764
f 2755 2756 2766
f 2755 2766 2765
f 2756 2757 2767
f 2756 2767 2766
f 2757 2758 2768
f 2757 2768 2767
f 2758 2759 2769
f 2758 2769 2768
f 2759 2760 2770
f 2759 2770 2769
f 2670 2761 2771
f 2670 2771 2680
f 2761 2762 2772
f 2761 2772 2771
f 2762 2763 2773
f 2762 2773 2772
f 2763 2764 2774
f 2763 2774 2773
f 2764 2765 2775
f 2764 2775 2774
f 2765 2766 2776
f 2765 2776 2775
f 2766 2767 2777
f 2766 2777 2776
f 2767 2768 2778
f 2767 2778 2777
f 2768 2769 2779
f 2768 2779 2778
f 2769 2770 2780
f 2769 2780 2779
f 2680 2771 2781
f 2680 2781 2690
f 2771 2772 2782
f 2771 2782 2781
f 2772 2773 2783
f 2772 2783 2782
f 2773 2774 2784
f 2773 2784 2783
f 2774 2775 2785
f 2774 2785 2784
f 2775 2776 2786
f 2775 2786 2785
f 2776 2777 2787
f 2776 2787 2786
f 2777 2778 2788
f 2777 2788 2787
f 2778 2779 2789
f 2778 2789 2788
f 2779 2780 2790
f 2779 2790 2789
f 2390 2472 2791
f 2390 2791 2700
f 2472 2473 2792
f 2472 2792 2791
f 2473 2474 2793
f 2473 2793 2792
f 2474 2475 2794
f 2474 2794 2793
f 2475 2476 2795
f 2475 2795 2794
f 2476 2477 2796
f 2476 2796 2795
f 2477 2478 2797
f 2477 2797 2796
f 2478 2479 2798
f 2478 2798 2797
f 2479 2480 2799
f 2479 2799 2798
f 2480 2181 2482
f 2480 2482 2799
f 2700 2791 2800
f 2700 2800 2710
f 2791 2792 2801
f 2791 2801 2800
f 2792 2793 2802
f 2792 2802 2801
f 2793 2794 2803
f 2793 2803 2802
f 2794 2795 2804
f 2794 2804 2803
f 2795 2796 2805
f 2795 2805 2804
f 2796 2797 2806
f 2796 2806 2805
f 2797 2798 2807
f 2797 2807 2806
f 2798 2799 2808
f 2798 2808 2807
f 2799 2482 2493
f 2799 2493 2808
f 2710 2800 2809
f 2710 2809 2720
f 2800 2801 2810
f 2800 2810 2809
f 2801 2802 2811
f 2801 2811 2810
f 2802 2803 2812
f 2802 2812 2811
f 2803 2804 2813
f 2803 2813 2812
f 2804 2805 2814
f 2804 2814 2813
f 2805 2806 2815
f 2805 2815 2814
f 2806 2807 2816
f 2806 2816 2815
f 2807 2808 2817
f 2807 2817 2816
f 2808 2493 2504
f 2808 2504 2817
f 2720 2809 2818
f 2720 2818 2730
f 2809 2810 2819
f 2809 2819 2818
f 2810 2811 2820
f 2810 2820 2819
f 2811 2812 2821
f 2811 2821 2820
f 2812 2813 2822
f 2812 2822 2821
f 2813 2814 2823
f 2813 2823 2822
f 2814 2815 2824
f 2814 2824 2823
f 2815 2816 2825
f 2815 2825 2824
f 2816 2817 2826
f 2816 2826 2825
f 2817 2504 2515
f 2817 2515 2826
f 2730 2818 2827
f 2730 2827 2740
f 2818 2819 2828
f 2818 2828 2827
f 2819 2820 2829
f 2819 2829 2828
f 2820 2821 2830
f 2820 2830 2829
f 2821 2822 2831
f 2821 2831 2830
f 2822 2823 2832
f 2822 2832 2831
f 2823 2824 2833
f 2823 2833 2832
f 2824 2825 2834
f 2824 2834 2833
f 2825 2826 2835
f 2825 2835 2834
f 2826 2515 2526
f 2826 2526 2835
f 2740 2827 2836
f 2740 2836 2750
f 2827 2828 2837
f 2827 2837 2836
f 2828 2829 2838
f 2828 2838 2837
f 2829 2830 2839
f 2829 2839 2838
f 2830 2831 2840
f 2830 2840 2839
f 2831 2832 2841
f 2831 2841 2840
f 2832 2833 2842
f 2832 2842 2841
f 2833 2834 2843
f 2833 2843 2842
f 2834 2835 2844
f 2834 2844 2843
f 2835 2526 2537
f 2835 2537 2844
f 2750 2836 2845
f 2750 2845 2760
f 2836 2837 2846
f 2836 2846 2845
f 2837 2838 2847
f 2837 2847 2846
f 2838 2839 2848
f 2838 2848 2847
f 2839 2840 2849
f 2839 2849 2848
f 2840 2841 2850
f 2840 2850 2849
f 2841 2842 2851
f 2841 2851 2850
f 2842 2843 2852
f 2842 2852 2851
f 2843 2844 2853
f 2843 2853 2852
f 2844 2537 2548
f 2844 2548 2853
f 2760 2845 2854
f 2760 2854 2770
f 2845 2846 2855
f 2845 2855 2854
f 2846 2847 2856
f 2846 2856 2855
f 2847 2848 2857
f 2847 2857 2856
f 2848 2849 2858
f 2848 2858 2857
f 2849 2850 2859
f 2849 2859 2858
f 2850 2851 2860
f 2850 2860 2859
f 2851 2852 2861
f 2851 2861 2860
f 2852 2853 2862
f 2852 2862 2861
f 2853 2548 2559
f 2853 2559 2862
f 2770 2854 2863
f 2770 2863 2780
f 2854 2855 2864
f 2854 2864 2863
f 2855 2856 2865
f 2855 2865 2864
f 2856 2857 2866
f 2856 2866 2865
f 2857 2858 2867
f 2857 2867 2866
f 2858 2859 2868
f 2858 2868 2867
f 2859 2860 2869
f 2859 2869 2868
f 2860 2861 2870
f 2860 2870 2869
f 2861 2862 2871
f 2861 2871 2870
f 2862 2559 2570
f 2862 2570 2871
f 2780 2863 2872
f 2780 2872 2790
f 2863 2864 2873
f 2863 2873 2872
f 2864 2865 2874
f 2864 2874 2873
f 2865 2866 2875
f 2865 2875 2874
f 2866 2867 2876
f 2866 2876 2875
f 2867 2868 2877
f 2867 2877 2876
f 2868 2869 2878
f 2868 2878 2877
f 2869 2870 2879
f 2869 2879 2878
f 2870 2871 2880
f 2870 2880 2879
f 2871 2570 2581
f 2871 2581 2880
f 2881 2882 2883
f 2881 2884 2882
f 2881 2885 2884
f 2881 2886 2885
f 2881 2887 2886
f 2881 2888 2887
f 2881 2889 2888
f 2881 2890 2889
f 2881 2891 2890
f 2881 2892 2891
f 2883 2882 2893
f 2883 2893 2894
f 2882 2884 2895
f 2882 2895 2893
f 2884 2885 2896
f 2884 2896 2895
f 2885 2886 2897
f 2885 2897 2896
f 2886 2887 2898
f 2886 2898 2897
f 2887 2888 2899
f 2887 2899 2898
f 2888 2889 2900
f 2888 2900 2899
f 2889 2890 2901
f 2889 2901 2900
f 2890 2891 2902
f 2890 2902 2901
f 2891 2892 2903
f 2891 2903 2902
f 2894 2893 2904
f 2894 2904 2905
f 2893 2895 2906
f 2893 2906 2904
f 2895 2896 2907
f 2895 2907 2906
f 2896 2897 2908
f 2896 2908 2907
f 2897 2898 2909
f 2897 2909 2908
f 2898 2899 2910
f 2898 2910 2909
f 2899 2900 2911
f 2899 2911 2910
f 2900 2901 2912
f 2900 2912 2911
f 2901 2902 2913
f 2901 2913 2912
f 2902 2903 2914
f 2902 2914 2913
f 2905 2904 2915
f 2905 2915 2916
f 2904 2906 2917
f 2904 2917 2915
f 2906 2907 2918
f 2906 2918 2917
f 2907 2908 2919
f 2907 2919 2918
f 2908 2909 2920
f 2908 2920 2919
f 2909 2910 2921
f 2909 2921 2920
f 2910 2911 2922
f 2910 2922 2921
f 2911 2912 2923
f 2911 2923 2922
f 2912 2913 2924
f 2912 2924 2923
f 2913 2914 2925
f 2913 2925 2924
f 2916 2915 2926
f 2916 2926 2927
f 2915 2917 2928
f 2915 2928 2926
f 2917 2918 2929
f 2917 2929 2928
f 2918 2919 2930
f 2918 2930 2929
f 2919 2920 2931
f 2919 2931 2930
f 2920 2921 2932
f 2920 2932 2931
f 2921 2922 2933
f 2921 2933 2932
f 2922 2923 2934
f 2922 2934 2933
f 2923 2924 2935
f 2923 2935 2934
f 2924 2925 2936
f 2924 2936 2935
f 2927 2926 2937
f 2927 2937 2938
f 2926 2928 2939
f 2926 2939 2937
f 2928 2929 2940
f 2928 2940 2939
f 2929 2930 2941
f 2929 2941 2940
f 2930 2931 2942
f 2930 2942 2941
f 2931 2932 2943
f 2931 2943 2942
f 2932 2933 2944
f 2932 2944 2943
f 2933 2934 2945
f 2933 2945 2944
f 2934 2935 2946
f 2934 2946 2945
f 2935 2936 2947
f 2935 2947 2946
f 2938 2937 2948
f 2938 2948 2949
f 2937 2939 2950
f 2937 2950 2948
f 2939 2940 2951
f 2939 2951 2950
f 2940 2941 2952
f 2940 2952 2951
f 2941 2942 2953
f 2941 2953 2952
f 2942 2943 2954
f 2942 2954 2953
f 2943 2944 2955
f 2943 2955 2954
f 2944 2945 2956
f 2944 2956 2955
f 2945 2946 2957
f 2945 2957 2956
f 2946 2947 2958
f 2946 2958 2957
f 2949 2948 2959
f 2949 2959 2960
f 2948 2950 2961
f 2948 2961 2959
f 2950 2951 2962
f 2950 2962 2961
f 2951 2952 2963
f 2951 2963 2962
f 2952 2953 2964
f 2952 2964 2963
f 2953 2954 2965
f 2953 2965 2964
f 2954 2955 2966
f 2954 2966 2965
f 2955 2956 2967
f 2955 2967 2966
f 2956 2957 2968
f 2956 2968 2967
f 2957 2958 2969
f 2957 2969 2968
f 2960 2959 2970
f 2960 2970 2971
f 2959 2961 2972
f 2959 2972 2970
f 2961 2962 2973
f 2961 2973 2972
f 2962 2963 2974
f 2962 2974 2973
f 2963 2964 2975
f 2963 2975 2974
f 2964 2965 2976
f 2964 2976 2975
f 2965 2966 2977
f 2965 2977 2976
f 2966 2967 2978
f 2966 2978 2977
f 2967 2968 2979
f 2967 2979 2978
f 2968 2969 2980
f 2968 2980 2979
f 2971 2970 1240
f 2971 1240 941
f 2970 2972 1239
f 2970 1239 1240
f 2972 2973 1238
f 2972 1238 1239
f 2973 2974 1237
f 2973 1237 1238
f 2974 2975 1236
f 2974 1236 1237
f 2975 2976 1235
f 2975 1235 1236
f 2976 2977 1234
f 2976 1234 1235
f 2977 2978 1233
f 2977 1233 1234
f 2978 2979 1232
f 2978 1232 1233
f 2979 2980 1150
f 2979 1150 1232
f 2881 2981 2892
f 2881 2982 2981
f 2881 2983 2982
f 2881 2984 2983
f 2881 2985 2984
f 2881 2986 2985
f 2881 2987 2986
f 2881 2988 2987
f 2881 2989 2988
f 2881 2990 2989
f 2892 2981 2991
f 2892 2991 2903
f 2981 2982 2992
f 2981 2992 2991
f 2982 2983 2993
f 2982 2993 2992
f 2983 2984 2994
f 2983 2994 2993
f 2984 2985 2995
f 2984 2995 2994
f 2985 2986 2996
f 2985 2996 2995
f 2986 2987 2997
f 2986 2997 2996
f 2987 2988 2998
f 2987 2998 2997
f 2988 2989 2999
f 2988 2999 2998
f 2989 2990 3000
f 2989 3000 2999
f 2903 2991 3001
f 2903 3001 2914
f 2991 2992 3002
f 2991 3002 3001
f 2992 2993 3003
f 2992 3003 3002
f 2993 2994 3004
f 2993 3004 3003
f 2994 2995 3005
f 2994 3005 3004
f 2995 2996 3006
f 2995 3006 3005
f 2996 2997 3007
f 2996 3007 3006
f 2997 2998 3008
f 2997 3008 3007
f 2998 2999 3009
f 2998 3009 3008
f 2999 3000 3010
f 2999 3010 3009
f 2914 3001 3011
f 2914 3011 2925
f 3001 3002 3012
f 3001 3012 3011
f 3002 3003 3013
f 3002 3013 3012
f 3003 3004 3014
f 3003 3014 3013
f 3004 3005 3015
f 3004 3015 3014
f 3005 3006 3016
f 3005 3016 3015
f 3006 3007 3017
f 3006 3017 3016
f 3007 3008 3018
f 3007 3018 3017
f 3008 3009 3019
f 3008 3019 3018
f 3009 3010 3020
f 3009 3020 3019
f 2925 3011 3021
f 2925 3021 2936
f 3011 3012 3022
f 3011 3022 3021
f 3012 3013 3023
f 3012 3023 3022
f 3013 3014 3024
f 3013 3024 3023
f 3014 3015 3025
f 3014 3025 3024
f 3015 3016 3026
f 3015 3026 3025
f 3016 3017 3027
f 3016 3027 3026
f 3017 3018 3028
f 3017 3028 3027
f 3018 3019 3029
f 3018 3029 3028
f 3019 3020 3030
f 3019 3030 3029
f 2936 3021 3031
f 2936 3031 2947
f 3021 3022 3032
f 3021 3032 3031
f 3022 3023 3033
f 3022 3033 3032
f 3023 3024 3034
f 3023 3034 3033
f 3024 3025 3035
f 3024 3035 3034
f 3025 3026 3036
f 3025 3036 3035
f 3026 3027 3037
f 3026 3037 3036
f 3027 3028 3038
f 3027 3038 3037
f 3028 3029 3039
f 3028 3039 3038
f 3029 3030 3040
f 3029 3040 3039
f 2947 3031 3041
f 2947 3041 2958
f 3031 3032 3042
f 3031 3042 3041
f 3032 3033 3043
f 3032 3043 3042
f 3033 3034 3044
f 3033 3044 3043
f 3034 3035 3045
f 3034 3045 3044
f 3035 3036 3046
f 3035 3046 3045
f 3036 3037 3047
f 3036 3047 3046
f 3037 3038 3048
f 3037 3048 3047
f 3038 3039 3049
f 3038 3049 3048
f 3039 3040 3050
f 3039 3050 3049
f 2958 3041 3051
f 2958 3051 2969
f 3041 3042 3052
f 3041 3052 3051
f 3042 3043 3053
f 3042 3053 3052
f 3043 3044 3054
f 3043 3054 3053
f 3044 3045 3055
f 3044 3055 3054
f 3045 3046 3056
f 3045 3056 3055
f 3046 3047 3057
f 3046 3057 3056
f 3047 3048 3058
f 3047 3058 3057
f 3048 3049 3059
f 3048 3059 3058
f 3049 3050 3060
f 3049 3060 3059
f 2969 3051 3061
f 2969 3061 2980
f 3051 3052 3062
f 3051 3062 3061
f 3052 3053 3063
f 3052 3063 3062
f 3053 3054 3064
f 3053 3064 3063
f 3054 3055 3065
f 3054 3065 3064
f 3055 3056 3066
f 3055 3066 3065
f 3056 3057 3067
f 3056 3067 3066
f 3057 3058 3068
f 3057 3068 3067
f 3058 3059 3069
f 3058 3069 3068
f 3059 3060 3070
f 3059 3070 3069
f 2980 3061 1149
f 2980 1149 1150
f 3061 3062 1148
f 3061 1148 1149
f 3062 3063 1147
f 3062 1147 1148
f 3063 3064 1146
f 3063 1146 1147
f 3064 3065 1145
f 3064 1145 1146
f 3065 3066 1144
f 3065 1144 1145
f 3066 3067 1143
f 3066 1143 1144
f 3067 3068 1142
f 3067 1142 1143
f 3068 3069 1141
f 3068 1141 1142
f 3069 3070 1050
f 3069 1050 1141
f 2881 3071 2990
f 2881 3072 3071
f 2881 3073 3072
f 2881 3074 3073
f 2881 3075 3074
f 2881 3076 3075
f 2881 3077 3076
f 2881 3078 3077
f 2881 3079 3078
f 2881 3080 3079
f 2990 3071 3081
f 2990 3081 3000
f 3071 3072 3082
f 3071 3082 3081
f 3072 3073 3083
f 3072 3083 3082
f 3073 3074 3084
f 3073 3084 3083
f 3074 3075 3085
f 3074 3085 3084
f 3075 3076 3086
f 3075 3086 3085
f 3076 3077 3087
f 3076 3087 3086
f 3077 3078 3088
f 3077 3088 3087
f 3078 3079 3089
f 3078 3089 3088
f 3079 3080 3090
f 3079 3090 3089
f 3000 3081 3091
f 3000 3091 3010
f 3081 3082 3092
f 3081 3092 3091
f 3082 3083 3093
f 3082 3093 3092
f 3083 3084 3094
f 3083 3094 3093
f 3084 3085 3095
f 3084 3095 3094
f 3085 3086 3096
f 3085 3096 3095
f 3086 3087 3097
f 3086 3097 3096
f 3087 3088 3098
f 3087 3098 3097
f 3088 3089 3099
f 3088 3099 3098
f 3089 3090 3100
f 3089 3100 3099
f 3010 3091 3101
f 3010 3101 3020
f 3091 3092 3102
f 3091 3102 3101
f 3092 3093 3103
f 3092 3103 3102
f 3093 3094 3104
f 3093 3104 3103
f 3094 3095 3105
f 3094 3105 3104
f 3095 3096 3106
f 3095 3106 3105
f 3096 3097 3107
f 3096 3107 3106
f 3097 3098 3108
f 3097 3108 3107
f 3098 3099 3109
f 3098 3109 3108
f 3099 3100 3110
f 3099 3110 3109
f 3020 3101 3111
f 3020 3111 3030
f 3101 3102 3112
f 3101 3112 3111
f 3102 3103 3113
f 3102 3113 3112
f 3103 3104 3114
f 3103 3114 3113
f 3104 3105 3115
f 3104 3115 3114
f 3105 3106 3116
f 3105 3116 3115
f 3106 3107 3117
f 3106 3117 3116
f 3107 3108 3118
f 3107 3118 3117
f 3108 3109 3119
f 3108 3119 3118
f 3109 3110 3120
f 3109 3120 3119
f 3030 3111 3121
f 3030 3121 3040
f 3111 3112 3122
f 3111 3122 3121
f 3112 3113 3123
f 3112 3123 3122
f 3113 3114 3124
f 3113 3124 3123
f 3114 3115 3125
f 3114 3125 3124
f 3115 3116 3126
f 3115 3126 3125
f 3116 3117 3127
f 3116 3127 3126
f 3117 3118 3128
f 3117 3128 3127
f 3118 3119 3129
f 3118 3129 3128
f 3119 3120 3130
f 3119 3130 3129
f 3040 3121 3131
f 3040 3131 3050
f 3121 3122 3132
f 3121 3132 3131
f 3122 3123 3133
f 3122 3133 3132
f 3123 3124 3134
f 3123 3134 3133
f 3124 3125 3135
f 3124 3135 3134
f 3125 3126 3136
f 3125 3136 3135
f 3126 3127 3137
f 3126 3137 3136
f 3127 3128 3138
f 3127 3138 3137
f 3128 3129 3139
f 3128 3139 3138
f 3129 3130 3140
f 3129 3140 3139
f 3050 3131 3141
f 3050 3141 3060
f 3131 3132 3142
f 3131 3142 3141
f 3132 3133 3143
f 3132 3143 3142
f 3133 3134 3144
f 3133 3144 3143
f 3134 3135 3145
f 3134 3145 3144
f 3135 3136 3146
f 3135 3146 3145
f 3136 3137 3147
f 3136 3147 3146
f 3137 3138 3148
f 3137 3148 3147
f 3138 3139 3149
f 3138 3149 3148
f 3139 3140 3150
f 3139 3150 3149
f 3060 3141 3151
f 3060 3151 3070
f 3141 3142 3152
f 3141 3152 3151
f 3142 3143 3153
f 3142 3153 3152
f 3143 3144 3154
f 3143 3154 3153
f 3144 3145 3155
f 3144 3155 3154
f 3145 3146 3156
f 3145 3156 3155
f 3146 3147 3157
f 3146 3157 3156
f 3147 3148 3158
f 3147 3158 3157
f 3148 3149 3159
f 3148 3159 3158
f 3149 3150 3160
f 3149 3160 3159
f 3070 3151 1049
f 3070 1049 1050
f 3151 3152 1048
f 3151 1048 1049
f 3152 3153 1047
f 3152 1047 1048
f 3153 3154 1046
f 3153 1046 1047
f 3154 3155 1045
f 3154 1045 1046
f 3155 3156 1044
f 3155 1044 1045
f 3156 3157 1043
f 3156 1043 1044
f 3157 3158 1042
f 3157 1042 1043
f 3158 3159 1041
f 3158 1041 1042
f 3159 3160 950
f 3159 950 1041
f 2881 3161 3080
f 2881 3162 3161
f 2881 3163 3162
f 2881 3164 3163
f 2881 3165 3164
f 2881 3166 3165
f 2881 3167 3166
f 2881 3168 3167
f 2881 3169 3168
f 2881 2883 3169
f 3080 3161 3170
f 3080 3170 3090
f 3161 3162 3171
f 3161 3171 3170
f 3162 3163 3172
f 3162 3172 3171
f 3163 3164 3173
f 3163 3173 3172
f 3164 3165 3174
f 3164 3174 3173
f 3165 3166 3175
f 3165 3175 3174
f 3166 3167 3176
f 3166 3176 3175
f 3167 3168 3177
f 3167 3177 3176
f 3168 3169 3178
f 3168 3178 3177
f 3169 2883 2894
f 3169 2894 3178
f 3090 3170 3179
f 3090 3179 3100
f 3170 3171 3180
f 3170 3180 3179
f 3171 3172 3181
f 3171 3181 3180
f 3172 3173 3182
f 3172 3182 3181
f 3173 3174 3183
f 3173 3183 3182
f 3174 3175 3184
f 3174 3184 3183
f 3175 3176 3185
f 3175 3185 3184
f 3176 3177 3186
f 3176 3186 3185
f 3177 3178 3187
f 3177 3187 3186
f 3178 2894 2905
f 3178 2905 3187
f 3100 3179 3188
f 3100 3188 3110
f 3179 3180 3189
f 3179 3189 3188
f 3180 3181 3190
f 3180 3190 3189
f 3181 3182 3191
f 3181 3191 3190
f 3182 3183 3192
f 3182 3192 3191
f 3183 3184 3193
f 3183 3193 3192
f 3184 3185 3194
f 3184 3194 3193
f 3185 3186 3195
f 3185 3195 3194
f 3186 3187 3196
f 3186 3196 3195
f 3187 2905 2916
f 3187 2916 3196
f 3110 3188 3197
f 3110 3197 3120
f 3188 3189 3198
f 3188 3198 3197
f 3189 3190 3199
f 3189 3199 3198
f 3190 3191 3200
f 3190 3200 3199
f 3191 3192 3201
f 3191 3201 3200
f 3192 3193 3202
f 3192 3202 3201
f 3193 3194 3203
f 3193 3203 3202
f 3194 3195 3204
f 3194 3204 3203
f 3195 3196 3205
f 3195 3205 3204
f 3196 2916 2927
f 3196 2927 3205
f 3120 3197 3206
f 3120 3206 3130
f 3197 3198 3207
f 3197 3207 3206
f 3198 3199 3208
f 3198 3208 3207
f 3199 3200 3209
f 3199 3209 3208
f 3200 3201 3210
f 3200 3210 3209
f 3201 3202 3211
f 3201 3211 3210
f 3202 3203 3212
f 3202 3212 3211
f 3203 3204 3213
f 3203 3213 3212
f 3204 3205 3214
f 3204 3214 3213
f 3205 2927 2938
f 3205 2938 3214
f 3130 3206 3215
f 3130 3215 3140
f 3206 3207 3216
f 3206 3216 3215
f 3207 3208 3217
f 3207 3217 3216
f 3208 3209 3218
f 3208 3218 3217
f 3209 3210 3219
f 3209 3219 3218
f 3210 3211 3220
f 3210 3220 3219
f 3211 3212 3221
f 3211 3221 3220
f 3212 3213 3222
f 3212 3222 3221
f 3213 3214 3223
f 3213 3223 3222
f 3214 2938 2949
f 3214 2949 3223
f 3140 3215 3224
f 3140 3224 3150
f 3215 3216 3225
f 3215 3225 3224
f 3216 3217 3226
f 3216 3226 3225
f 3217 3218 3227
f 3217 3227 3226
f 3218 3219 3228
f 3218 3228 3227
f 3219 3220 3229
f 3219 3229 3228
f 3220 3221 3230
f 3220 3230 3229
f 3221 3222 3231
f 3221 3231 3230
f 3222 3223 3232
f 3222 3232 3231
f 3223 2949 2960
f 3223 2960 3232
f 3150 3224 3233
f 3150 3233 3160
f 3224 3225 3234
f 3224 3234 3233
f 3225 3226 3235
f 3225 3235 3234
f 3226 3227 3236
f 3226 3236 3235
f 3227 3228 3237
f 3227 3237 3236
f 3228 3229 3238
f 3228 3238 3237
f 3229 3230 3239
f 3229 3239 3238
f 3230 3231 3240
f 3230 3240 3239
f 3231 3232 3241
f 3231 3241 3240
f 3232 2960 2971
f 3232 2971 3241
f 3160 3233 949
f 3160 949 950
f 3233 3234 948
f 3233 948 949
f 3234 3235 947
f 3234 947 948
f 3235 3236 946
f 3235 946 947
f 3236 3237 945
f 3236 945 946
f 3237 3238 944
f 3237 944 945
f 3238 3239 943
f 3238 943 944
f 3239 3240 942
f 3239 942 943
f 3240 3241 940
f 3240 940 942
f 3241 2971 941
f 3241 941 940
